id,level,specialty,umbrella_specialty,question_old,question,opa,opb,opc,opd,ope,opf,answer,group,answer_text,
4,Y1,Anatomy,Anatomy,عصب ينقل إحساس الذوق من ثلث اللسان الخلفي :,ما هو العصب الذي ينقل إحساس الذوق من ثلث اللسان الخلفي؟,السابع,التاسع,العاشر,الخامس,,,B,ABCD,التاسع,
8,Y1,Anatomy,Anatomy,قوس بيضاء عند حدود جسم الظفر مع جذره :,ما هي القوس البيضاء عند حدود جسم الظفر مع جذره؟,هليل الظفر,سرير الظفر,استارة الظفر,اللعوة,,,A,ABCD,هليل الظفر,
12,Y1,Anatomy,Anatomy,. يقع الخط الالوي السفلي على,أين يقع الخط الالوي السفلي؟,السطح الخارجي للحرقفة,الوجه الداخلي للحرقفة,الفرع العلوي للعانة,الوجه الخلفي للفخذ,,,A,ABCD,السطح الخارجي للحرقفة,
16,Y1,Anatomy,Anatomy,الحافة من الفرع التي تشكل زاوية الفك السفلي:,ما هي الحافة من الفرع التي تشكل زاوية الفك السفلي؟,الأمامية,الخلفية,العلوية,الوحشية,,,B,ABCD,الخلفية,
17,Y2,Anatomy,Anatomy,تتعصب بالعصب الشظوى السطحى,ما هي البنية التشريحية التي تتعصب بالعصب الشظوي السطحي؟,العضله الظنبوبيه الخلفية,الرأس المستقيم للمستقيمه الفخذية,العضله الخياطية,العضلة المأبضيه,العضله الشظويه الطويله,,E,ABCDE,العضله الشظويه الطويله,
19,Y2,Histology,Anatomy,تشاهد الجسور بين الخلوية في:,أين تشاهد الجسور بين الخلوية؟,الطبقة القاعدية من الانسجة الظهارية,الطبقة الشائكة من النسيج الظهاري المطبق,ظهارة المعدة,بين الخلايا العضلية السلية,,,B,ABCD,الطبقة الشائكة من النسيج الظهاري المطبق,
21,Y1,Anatomy,Anatomy,تتحول الثلمتين الاسكيتين إلى ثقبتين بواسطة,ما الذي يحول الثلمتين الاسكيتين إلى ثقبتين؟,الرباط العجزي الشوكي + الرباط الأربي,الرباط العجزي الشوكي العجزي الحدبي,الرباط الحدبي + الرباط الإربي,كل ما سبق خطأ,,,B,ABCD,الرباط العجزي الشوكي العجزي الحدبي,
28,Y1,Anatomy,Anatomy,يفرز هرمون ال PTH :,ما هو الهرمون الذي يفرز PTH؟,الغدد جارات الدرق,الغدة الدرقية,النخامي,الكظر,,,A,ABCD,الغدد جارات الدرق,
35,Y1,Anatomy,Anatomy,يقع بين جسم الفقرة والقوس الفقرية :,ما الذي يقع بين جسم الفقرة والقوس الفقرية؟,الثقبة المستعرضة,الثقبة بين الفقرية,الثقبة الفقرية,الثقبة المغذية,,,C,ABCD,الثقبة الفقرية,
49,Y1,Anatomy,Anatomy,تقع المنطقة الشمية في:,أين تقع المنطقة الشمية؟,سقف الأنف,مقدمة الأنف,الجدارا الوحشي للأنف,الجدار الانسي للأنف,,,A,ABCD,سقف الأنف,
50,Y1,Anatomy,Anatomy,يتصل المدورين بالأمام في الفخذ بـ:,ما الذي يتصل به المدورين بالأمام في الفخذ؟,الخط بين المدورين,العرف بين المدورين,الثلمة بين المدورة,لا شئ مما سبق,,,A,ABCD,الخط بين المدورين,
51,Y1,Anatomy,Anatomy,يوجد التلم الكعبري في جسم العضد:,أين يوجد التلم الكعبري في جسم العضد؟,على الوجه الخلفي.,على الوجه الانسي.,على الوجه الوحشي.,كل ماسبق خطأ.,,,A,ABCD,على الوجه الخلفي.,
54,Y2,Histology,Anatomy,تتشكل ضفيرة راشكوف في لب السن من :,ما الذي تتشكل منه ضفيرة راشكوف في لب السن؟,ألياف ودية.,ألياف نظيرة ودية,ألياف حسية.,كل من a و .b,,,C,ABCD,ألياف حسية.,
55,Y1,Anatomy,Anatomy,يقع المستقيم بين :,أين يقع المستقيم؟,القولون النازل والقولون السيني,القولون السيني والقناة الشرجية,القولون السيني والقولون المعترض,القولون المعترض والقولون السيني,,,B,ABCD,القولون السيني والقناة الشرجية,
56,Y1,Anatomy,Anatomy,حديبات مونتغومري هي غدد,إلى أي صنف من أصناف الغدد تنتمي حديثات المونتغمري؟,دهنية,لعابية,عرقية,صباغية,,,A,ABCD,دهنية,"""إلى أي صنف من أصناف الغدد تنتمي حديثات المونتغمري؟"""
64,Y1,Anatomy,Anatomy,المحرك لعضلات اللسان :,ما هو العصب المحرك لعضلات اللسان؟,11,7,12,9,,,C,ABCD,12,
73,Y1,Anatomy,Anatomy,العصب الحجابي فرع الضفيرة :,ما هي الضفيرة التي يتفرع منها العصب الحجابي؟,العضدية,القطنية,الرقبية,العجزية,,,C,ABCD,الرقبية,
74,Y1,Anatomy,Anatomy,يفرز الأدرينالين من :,من أين يفرز الأدرينالين؟,قشرة الكظر,لب الكظر,الطحال,البنكرياس,,,B,ABCD,لب الكظر,
75,Y1,Anatomy,Anatomy,يتشكل الوريد الأجوف السفلي من إتحاد :,ما هو الوريد الذي يتشكل منه الوريد الأجوف السفلي؟,الوريدين الحرقفيين الخارجي والداخلي,الوريدين الحرقفيين المشتركين الأيمن والأيسر,الوريدين الفخذيين,كل ما سبق خطأ,,,B,ABCD,الوريدين الحرقفيين المشتركين الأيمن والأيسر,
78,Y2,Histology and Anatomy,Anatomy,في الشرايين الطبقة الأكثر تمايزاً وكثافة هي:,ما هي الطبقة الأكثر تمايزاً وكثافة في الشرايين؟,الخارجية,المتوسطة,الداخلية والمتوسطة,الداخلية,,,B,ABCDE,المتوسطة,
79,Y1,Anatomy,Anatomy,مما ينتج هرمون T4؟,مما ينتج هرمون T4؟,التوتة,الكظر,الدرق,النخامى,,,C,ABCD,الدرق,
85,Y2,Anatomy,Anatomy,العضلة التي ترتكز بشكل أساسي على العظم الزورقي:,ما هي العضلة التي ترتكز بشكل أساسي على العظم الزورقي؟,الظنبوبي الأمامي,الظنبوبي الخلفي,الشظوية الطويلة,الشظوية القصيرة,قابضة الإبهام الطويلة,,B,ABCDE,الظنبوبي الخلفي,
87,Y1,Anatomy,Anatomy,تقع المنطقة الشمية في :,أين تقع المنطقة الشمية؟,سقف الأنف,مقدمة الأنف,الجدار الوحشي للأنف,الجدار الأنسى للأنف,,,A,ABCD,سقف الأنف,
88,Y1,Anatomy,Anatomy,الوسادة من النسيج الدهني فوق الارتفاق العاني تدعى,ما هو اسم الوسادة من النسيج الدهني فوق الارتفاق العاني؟,جبل العانة,الشفر الصغير,الشفر الكبير,دهليز الفرج,,,A,ABCD,جبل العانة,
98,Y1,Anatomy,Anatomy,يتوضع الكولون السيني في,أين يتوضع الكولون السيني؟,الناحية المغبنية اليمنى,الناحية المغبنية اليسرى,الخثلية,لا شيء مما سبق,,,B,ABCD,الناحية المغبنية اليسرى,
103,Y1,Anatomy,Anatomy,ما القسم العظم الجبهي الذي يفصل بين القسمين الحجاجيين من الخلف:,ما هو القسم من العظم الجبهي الذي يفصل بين القسمين الحجاجيين من الخلف؟,الصدفة والقسم الحجاجي,الثلمة الغربالية,الصفيحة الغربالية العمودية,القسم الأنفي,,,B,ABCD,الثلمة الغربالية,
105,Y1,Anatomy,Anatomy,الفروع الانتهائية للسبات الظاهر:,ما هي الفروع الانتهائية للسبات الظاهر؟,الوتدي والفكي,الفكي والصدغي والسطحي,الفكي والوجهي,لا شيء مما سبق,,,B,ABCD,الفكي والصدغي والسطحي,
113,Y1,Anatomy,Anatomy,. عصب الفك العلوي يمر من,أين يمر عصب الفك العلوي؟,الثقبة المدورة,الثقبة الشوكية,الثقبة البيضية,الشق الحجابي العلوي,,,A,ABCD,الثقبة المدورة,
114,Y1,Anatomy,Anatomy,ما هي النقطة التشريحية على الوجه السفلي لجسم العظم الوتدي,ما هي النقطة التشريحية على الوجه السفلي لجسم العظم الوتدي؟,العرف الوتدي,السرج التركي,المنقار الوتدي,الثقبة المدورة,,,C,ABCD,المنقار الوتدي,
115,Y1,Anatomy,Anatomy,ما اسم العظم الذي يتوضع كيس الدمع عليه :,ما اسم العظم الذي يتوضع كيس الدمع عليه؟,الدمعي أنسي الحجاج,الجبهي وحشي الحجاج,الفك العلوي أنسي الحجاج,الجبهي أنسي الحجاج,,,A,ABCD,الدمعي أنسي الحجاج,
116,Y1,Anatomy,Anatomy,ينشأ الشريان السباتي المشترك الأيسر من :,من أين ينشأ الشريان السباتي المشترك الأيسر؟,قوس الأبهر مباشرة,الأبهر البطني,الأبهر الصاعد,الشريان العضدي الرأسي,,,A,ABCD,قوس الأبهر مباشرة,
120,Y1,Anatomy,Anatomy,ما طول الأسهر,ما طول الأسهر؟,45 سم,15سم,6أمتار,1أمتار,,,A,ABCD,45 سم,
128,Y1,Anatomy,Anatomy,يعبر الشريان السحائي الأوسط عبر:,ما هو المكان الذي يعبر من خلاله الشريان السحائي الأوسط؟,الثقبة البيضية,الثقبة المدورة,الثقبة الشوكية,الثقبة الإبرية الخشانية,,,C,ABCD,الثقبة الشوكية,
138,Y1,Anatomy,Anatomy,الطية الجلدية التي تغطي رأس القضيب تدعى,ما هي الطية الجلدية التي تغطي رأس القضيب؟,الحشفة,لفافة بوك,القلفة,البصلة,,,C,ABCD,القلفة,
145,Y1,Anatomy,Anatomy,- ترتكز على الحفرة المدورية :,ما هي البنية التشريحية التي ترتكز على الحفرة المدورية؟,العضلة السدادية الظاهرة,البسواس,المشطية,المربعة الفخذية,,,A,ABCD,العضلة السدادية الظاهرة,
147,Y1,Anatomy,Anatomy,أين يتوضع الدرز الأكليلي :,أين يتوضع الدرز الأكليلي؟,يتوضع بين العظم الجبهي والجداريين.,يتوضع بين الجداريين.,يتوضع بين الجداريين والعظم القذالي في الخلف.,كل ما سبق خطأ.,,,A,ABCD,يتوضع بين العظم الجبهي والجداريين.,
152,Y2,Anatomy,Anatomy,ماذا يفعل الرباط المتصالب الأمامي:,ماذا يفعل الرباط المتصالب الأمامي؟,يمتد من اللقمة الأنسية للفخذ,يرتكز على الحدبة الظنبوبية,يمنع انزياح الساق للأمام,يمنع انزياح الفخذ للأمام,,,c,ABCDE,يمنع انزياح الساق للأمام,
157,Y1,Anatomy,Anatomy,ما العصب القحفي الذي يعبر الثقبة البيضية :,ما العصب القحفي الذي يعبر الثقبة البيضية؟,البصري,العينى,الفكي السفلي,الفكي العلوى,,,C,ABCD,الفكي السفلي,
159,Y1,Anatomy,Anatomy,تتفرع القصبات الفصية الى أي قصبات؟,إلى أي قصبات تتفرع القصبات الفصية؟,تنفسية,رئيسية,قطعية شدفية,ليس كل ما سبق,,,C,ABCD,قطعية شدفية,
161,Y1,Anatomy,Anatomy,توجد نوى الأعصاب القحفية من الثالث حتى الثاني عشر في :,أين توجد نوى الأعصاب القحفية من الثالث حتى الثاني عشر؟,القشرة,النخاع,جذع الدماغ,البصلة السيسائية,,,C,ABCD,جذع الدماغ,
166,Y1,Anatomy,Anatomy,على ماذا يحوي البلعوم الفموي اللوزتين؟,على ماذا يحتوي البلعوم الفموي من اللوزتين؟,الفمويتين,البلعوميتين,الحنكيتين,الانفيتين,,,C,ABCD,الحنكيتين,
167,Y1,Anatomy,Anatomy,. على اي من وجوه الكبد التالية يوجد مسكن المرارة:,على أي من وجوه الكبد يوجد مسكن المرارة؟,العلوي,الخلفي,السفلي,الامامي,,,C,ABCD,السفلي,
168,Y1,Anatomy,Anatomy,ما هو العصب القحفي الثاني:,ما هو العصب القحفي الثاني؟,البصري - حاسي,العيني - حاسي,البصري - حسي,العيني – حسي,,,A,ABCD,البصري - حاسي,
175,Y2,Anatomy,Anatomy,ما وظيفة تحت الكتفية:,ما وظيفة العضلة تحت الكتفية؟,دوران وحشي للكتف.,دوران أنسي للكتف.,عطف المرفق.,عطف الكتف.,ولا واحد مما سبق.,,b,ABCDE,دوران أنسي للكتف.,
178,Y2,Histology,Anatomy,في ارتكاز المشيمة المعيب previa placenta تتوضع المشيمة:,أين تتوضع المشيمة في ارتكاز المشيمة المعيب؟,الجدار الأمامي للرحم.,الجدار الخلفي للرحم.,بين الجنين والمهبل.,في الفوهة الداخلية لعنق الرحم.,,,C,ABCD,بين الجنين والمهبل.,
181,Y1,Anatomy,Anatomy,ما اسم الطبقة من السحايا التي تغطي الجيوب الوريدية,ما اسم الطبقة من السحايا التي تغطي الجيوب الوريدية؟,الام الجافية,الغشاء العنكبوتي,الام الحنون,كل ماسبق خطأ,,,A,ABCD,الام الجافية,
184,Y1,Anatomy,Anatomy,الألياف التي تربط المراكز القشرية بالمحيط تُدعى:,ما هي الألياف التي تربط المراكز القشرية بالمحيط؟,إسقاطية,ترابطية,مشاركة,صوارية,,,A,ABCD,إسقاطية,
185,Y1,Anatomy,Anatomy,تتمادى البصلة في الأمام لتشكل في جسم القضيب:,ما الذي تشكله البصلة عندما تتمادى في الأمام في جسم القضيب؟,الجسم الكهفي,الجسم الاسفنجي,الساق الوسطى,لا شيء مما سبق,,,B,ABCD,الجسم الاسفنجي,
193,Y1,Anatomy,Anatomy,أكبر غدد الجسم,ما هي أكبر غدد الجسم؟,الكبد,الطحال,الدرقية,التيموس,,,A,ABCD,الكبد,
194,Y1,Anatomy,Anatomy,يتفرع الشريان الكلوي لخمسة شرايين:,ما هي الشرايين الخمسة التي يتفرع إليها الشريان الكلوي؟,قطعية,فصية,بين الفصوص,بين الفصيصات,,,A,ABCD,قطعية,
196,Y1,Anatomy,Anatomy,بماذا ينتهي الشريان الوجهي:,بماذا ينتهي الشريان الوجهي؟,الشريان العيني,السباتي الظاهر,الشريان الزاوي,اللساني,,,C,ABCD,الشريان الزاوي,
201,Y2,Histology,Anatomy,طبقة لب السن الأكثر عمقا والأقرب لجوهر اللب :,ما هي طبقة لب السن الأكثر عمقا والأقرب لجوهر اللب؟,منطقة أرومة الخلايا السنية,المنطقة الغنية بالخلايا.,المنطقة الخالية من الخلايا,كل ما سبق خاطئ.,,,B,ABCD,المنطقة الغنية بالخلايا.,
202,Y1,Anatomy,Anatomy,تقع فوهة مصب الجيب الأكليلي :,أين تقع فوهة مصب الجيب الأكليلي؟,أمام وأسفل مصب الأجوف العلوي,أمام وأعلى مصب الأجوف السفلي,أمام وأسفل مصب الأجوف السفلي,إلى الخلف من مصب الأجوف السفلي,,,C,ABCD,أمام وأسفل مصب الأجوف السفلي,
203,Y1,Anatomy,Anatomy,. الزاوية الامامية السفلية للعظم الجداري,ما هي الزاوية الأمامية السفلية للعظم الجداري؟,جبهية,وتدية,قذالية,خشائية,,,B,ABCD,وتدية,
206,Y1,Anatomy,Anatomy,أي عصب هو المحرك لعضلات اللسان:,أي عصب هو المحرك لعضلات اللسان؟,11,7,12,9,,,C,ABCD,12,
208,Y1,Anatomy,Anatomy,ما البروز العظمي الذي يحتوي الوجه الداخلي لفرع الفك السفلي عليه:,ما هو البروز العظمي الذي يحتوي عليه الوجه الداخلي لفرع الفك السفلي؟,الشوكة الذقنية,الناشزة الذقنية,اللسين,الخط الضرسي اللامي,,,C,ABCD,اللسين,
209,Y1,Anatomy,Anatomy,مواد تفرزها الغدد استجابة للتنبيه وترحل عبر الدم :,ما هي المواد التي تفرزها الغدد استجابة للتنبيه وترحل عبر الدم؟,الغدد,الهرمونات,المستقبلات,لا شئ مما سبق,,,B,ABCD,الهرمونات,
210,Y1,Anatomy,Anatomy,ما الزاوية بين قبضة وجسم القص :,ما هي الزاوية بين قبضة وجسم القص؟,لويس,مونتغومري,بيل,لا شئ مما سبق,,,A,ABCD,لويس,
215,Y1,Anatomy,Anatomy,. يخرج العصب الفكي العلوي من الجمجمة عبر:,من أين يخرج العصب الفكي العلوي من الجمجمة؟,الثقبة البيضية,الثقبة الشوكية,الثقبة المدورة,الثقبة الوداجية,,,C,ABCD,الثقبة المدورة,
217,Y2,Anatomy,Anatomy,يتحدد المنصف العلوي جانبيا بـ:,ما الذي يحدد المنصف العلوي جانبياً؟,الجنية المنصفية.,النهاية السفلية للعضلة الطويلة العنقية.,منشأ العضلة القصية اللامية.,منشأ العضلة القصية الدرقية.,اللقافة الجانبية للقوس الأبهرية.,,A,ABCDE,الجنية المنصفية.,
219,Y1,Anatomy,Anatomy,مما يمر عبرهما الهواء إلى جوف الأنف :,ما هما الممران اللذان يمر عبرهما الهواء إلى جوف الأنف؟,CHOANA,المنخرين,المنعرين,كل ما سبق خطأ,,,B,ABCD,المنخرين,
223,Y2,Anatomy,Anatomy,ترتكز العضلة العريضة الظهرية : (2017 ثانية),أين ترتكز العضلة العريضة الظهرية؟,قاع أخدود ذات الرأسين.,أنسي اخدود ذات الرأسين.,وحشي أخدود ذات الرأسين.,الناتئ الغرابي.,حديبة العضد الكبرى.,,A,ABCDE,قاع أخدود ذات الرأسين.,
225,Y1,Anatomy,Anatomy,ما القولون الذي يمتد بشكل أفقي :,ما هو القولون الذي يمتد بشكل أفقي؟,الكولون النازل,الكولون الصاعد,الكولون المعترض,كل ما سبق خطأ,,,C,ABCD,الكولون المعترض,
228,Y1,Anatomy,Anatomy,عدد القطع العصعصية في النخاع الشوكي هو :,كم عدد القطع العصعصية في النخاع الشوكي؟,5,4,2,1,,,D,ABCD,1,
230,Y1,Anatomy,Anatomy,ما الطبقة التي تمثلها العضلة الدافعة في المثانة,ما الطبقة التي تمثلها العضلة الدافعة في المثانة؟,المخاطية,العضلية,المصلية,تحت المخاطية,,,B,ABCD,العضلية,
231,Y2,Histology,Anatomy,ما هي الخلايا التي توجد في الجلد وتعمل كمستقبلات آلية حسية :,ما هي الخلايا التي توجد في الجلد وتعمل كمستقبلات آلية حسية؟,خلايا لانغرهانس.,خلايا ميركل.,خلايا الميلانين.,a+b,,,B,ABCD,خلايا ميركل.,
235,Y1,Anatomy,Anatomy,ما اسم الكرة الصغيرة فوق قمة الغضروف :,ما اسم الكرة الصغيرة فوق قمة الغضروف؟,الطرجهالي,القريني,الإسفيني,الفلكة,,,B,ABCD,القريني,
236,Y1,Anatomy,Anatomy,لا توجد الغدد الزهمية في :,أين لا توجد الغدد الزهمية؟,راحة اليد وأخمص القدم,حشفة القضيب,دهليز الفرج,B+C,,,A,ABCD,راحة اليد وأخمص القدم,
240,Y1,Anatomy,Anatomy,العصب المسؤول عن حركات عضلات الوجه التعبيرية:,ما هو العصب المسؤول عن حركات عضلات الوجه التعبيرية؟,السابع,الخامس,الثالث,الأول,,,A,ABCD,السابع,
241,Y1,Anatomy,Anatomy,الزاوية الخلفية السفلية في العظم الجداري:,ما هي الزاوية الخلفية السفلية في العظم الجداري؟,خشانية,وتدية,قذالية,جبهية,,,A,ABCD,خشانية,
245,Y1,Anatomy,Anatomy,يسمى فرع الفك السفلي ايضا:,ما هو الاسم الآخر لفرع الفك السفلي؟,القاعدة.,جسم الفك السفلي.,الرأد.,الحافة السنخية.,,,C,ABCD,الرأد.,
253,Y2,Anatomy,Anatomy,ماذا يفعل الرباط المتصالب الأمامى:,ماذا يفعل الرباط المتصالب الأمامي؟,يمتد من اللقمة الأنسية للفخذ,يرتكز على الحدية الظنبوبية,يمنع ازياح الساق للأمام,يمنع ازياح الفخذ للأمام,,,C,ABCD,يمنع ازياح الساق للأمام,
255,Y1,Anatomy,Anatomy,يعبر العصب الوجهي عبر الثقبة ال:,ما هي الثقبة التي يعبر من خلالها العصب الوجهي؟,الثقبة الإبرية الخشانية,الثقبة المدورة,الثقبة الشوكية,الثقبة البيضية,,,A,ABCD,الثقبة الإبرية الخشانية,
262,Y1,Anatomy,Anatomy,تفرز خلايا بيتا في البنكرياس :,ماذا تفرز خلايا بيتا في البنكرياس؟,الغلوكاغون,الأنسولين,السوماتوستاتين,لا شيء مما سبق,,,B,ABCD,الأنسولين,
267,Y1,Anatomy,Anatomy,التامور الخارجي الذي لا يرتبط بالقلب,ما هو التامور الخارجي الذي لا يرتبط بالقلب؟,التامور الليفي,التامور المصلي الجداري,التامور المصلي الحشوي :,لا شيء مما سبق,,,A,ABCD,التامور الليفي,
269,Y1,Anatomy,Anatomy,القسم من الضلع الواقع بين الرأس والحديبة:,ما هو القسم من الضلع الواقع بين الرأس والحديبة؟,الجسم,الميزابة,العنق,الرأس,,,C,ABCD,العنق,
273,Y1,Anatomy,Anatomy,مع أي عظم يتمفصل الظنبوب في الأسفل :,مع أي عظم يتمفصل الظنبوب في الأسفل؟,الكعب,العقب,القعب,الفخذ,,,C,ABCD,القعب,
277,Y2,Anatomy,Anatomy,ترتبط من العضلات العميقه التاليه للمثلث الخلفى للعنق بحدبه الاطلس الخلفيه,أي من العضلات العميقة التالية للمثلث الخلفي للعنق ترتبط بحدبة الأطلس الخلفية؟,المستقيمه الرأسيه الخلفيه الصغيرة,المستقيمه الرأسيه الجانبيه,المستقيمه الرأسيه الاماميه,المستقيمه الرأسيه الخلفيه الكبيره,المنحرفه الرأسيه السفليه,,A,ABCDE,المستقيمه الرأسيه الخلفيه الصغيرة,
279,Y1,Anatomy,Anatomy,يتصل بالخلف مع البلعوم الفموي عبر برزخ الحلق:,ما هو التركيب الذي يتصل بالخلف مع البلعوم الفموي عبر برزخ الحلق؟,دهليز الفم,اللثتين,جوف الفم المخصوص,القوس السنخية,,,C,ABCD,جوف الفم المخصوص,
281,Y1,Anatomy,Anatomy,. البنية التي تغطي السطوح الامامي والانسي والوحشي للخصية هي,ما هي البنية التي تغطي السطوح الأمامي والإنسي والوحشي للخصية؟,لفافة كولس,اللفافة المنوية الخارجية,الغلالة الغمدية,اللفافة المنوية الداخلية,,,C,ABCD,الغلالة الغمدية,
282,Y1,Anatomy,Anatomy,موقع الغدة الدرقية,أين يقع موقع الغدة الدرقية؟,تحت الحنجرة وعلى جانبي الرغامي وأمامها,يتصل الفصين مع بعضهما بجسر نسيجي يدعى البرزخ,تحاط بلفافة من اللفافة الرقبية السطحية,A + B,,,A,ABCD,تحت الحنجرة وعلى جانبي الرغامي وأمامها,
283,Y1,Anatomy,Anatomy,تتوضع مستقبلات الشم في :,أين تتوضع مستقبلات الشم؟,الجدار الوحشى للأنف.,أرضية الأنف.,سقف الأنف.,كل ما سبق خطأ .,,,C,ABCD,سقف الأنف.,
284,Y1,Anatomy,Anatomy,هرمونات الغدة النخامية ذات طبيعة:,ما هي طبيعة هرمونات الغدة النخامية؟,شحمية,بيتيدية,سكرية,لا شيء مما سبق,,,B,ABCD,بيتيدية,
285,Y2,Anatomy,Anatomy,ما هو مفصل المرفق:,ما هو مفصل المرفق؟,نموذج رزى,لا يتصل مع الكعبرى الزندى العلوى,عبره تتم حركه الكب والاستلقاء,لا يشارك رأس الكعبره فى تكوينه,,,A,ABCD,نموذج رزى,
286,Y2,Anatomy,Anatomy,تنشأ العضلة المدورة الكبيرة بشكل أساسي من :,ما هو المكان الذي تنشأ منه العضلة المدورة الكبيرة بشكل أساسي؟,أسفل الحافة الوحشية لعظم لوح الكتف.,الحافة السفلية لشوك الكتف.,الحفرة تحت الكتفية لعظم اللوح.,الحفرة تحت الشوكية لعظم اللوح.,أعلى الحافة الوحشية لعظم اللوح.,,A,ABCDE,أسفل الحافة الوحشية لعظم لوح الكتف.,
287,Y1,Anatomy,Anatomy,أين يتوضع الأبهر النازل البطني؟,أين يتوضع الأبهر النازل البطني؟,أيسر الأجوف السفلي,خلف الأجوف السفلي,أيمن الأجوف السفلي,أمام الأجوف السفلي,,,A,ABCD,أيسر الأجوف السفلي,
288,Y1,Anatomy,Anatomy,يجاور السطح العلوي لمثانة الرجل,ما الذي يجاور السطح العلوي لمثانة الرجل؟,عرى اللفائفي والكولون السيني,الجيب المثاني الرحمي,الجيب المستقيمي المثاني,لا شيء مما سبق,,,A,ABCD,عرى اللفائفي والكولون السيني,
289,Y1,Anatomy,Anatomy,عضلة الشهيق الرئيسية:,ما هي عضلة الشهيق الرئيسية؟,الحجاب الحاجز.,رافعات الأضلاع.,المستعرضة الصدرية.,العضلات الوربية.,,,A,ABCD,الحجاب الحاجز.,
290,Y1,Anatomy,Anatomy,يدخل سرة الكلية من الخلف للأمام بالترتيب:,ما هو ترتيب دخول التراكيب إلى سرة الكلية من الخلف للأمام؟,شريان – وريد – حويضة,وريد – شريان – حويضة,حويضة – شريان – وريد,حويضة – وريد – شريان,,,C,ABCD,حويضة – شريان – وريد,
302,Y1,Anatomy,Anatomy,تشاهد التلمة الكعبرية للزند على:,أين تشاهد التلمة الكعبرية للزند؟,الوجه الوحشي للزج.,الوجه الإنسي السفلي للناتي الإبري.,الوجه الوحشي للناتئ المنقاري.,الوجه الأنسي للزج.,,,C,ABCD,الوجه الوحشي للناتئ المنقاري.,
308,Y1,Anatomy,Anatomy,تتوضع الثقبة العوراء في اللسان :,أين تتوضع الثقبة العوراء في اللسان؟,خلف الكلم الإنتهائي,في ذروة اللسان,أمام الثلم الإنتهائي,على حافتي اللسان,,,A,ABCD,خلف الكلم الإنتهائي,
313,Y1,Anatomy,Anatomy,أطول أجزاء الأنبوب الهضمي :,ما هو أطول أجزاء الأنبوب الهضمي؟,المعي الدقيق,المري,المعدة,المعي الغليظ,,,A,ABCD,المعي الدقيق,
315,Y2,Anatomy,Anatomy,إن ترتيب العضلات من الأعلى للأسفل على الناحية الخلفية للألية:,ما هو ترتيب العضلات من الأعلى للأسفل على الناحية الخلفية للألية؟,كمثرية - توأمية علوية - سادة باطنة - توأمية سفلية,كمثرية - توأمية علوية - توأمية سفلية - سادة باطنة,كمثرية - سادة باطنة - توأمية علوية - توأمية سفلية,توأمية علوية - سادة باطنة - كمثرية - توأمية سفلية,سادة باطنة - كمثرية - توأمية علوية - توأمية سفلية,,A,ABCDE,كمثرية - توأمية علوية - سادة باطنة - توأمية سفلية,
325,Y1,Anatomy,Anatomy,الطبقة المبطنة للتامور الليفي:,ما هي الطبقة المبطنة للتامور الليفي؟,التامور الليفي,التامور المصلي الجداري,التامور المصلي الحشوي,لا شيء مما سبق,,,B,ABCD,التامور المصلي الجداري,
330,Y1,Anatomy,Anatomy,أطول أجزاء أنبوب الهضم:,ما هو أطول أجزاء أنبوب الهضم؟,المري,المعي الدقيق,الكولون,البلعوم,,,B,ABCD,المعي الدقيق,
331,Y2,Histology,Anatomy,الخلايا الشحمية قادرة على تصنيع Fatty acids من الغلوكوز هي عملية تتسرع بتاثير :,ما هو الهرمون الذي يسرع عملية تصنيع الأحماض الدهنية من الغلوكوز في الخلايا الشحمية؟,الغلوكاغون,الانسولين,الباراثورمون,الثيروكسين,الثالث والرابع,,B,ABCDE,الانسولين,
338,Y1,Anatomy,Anatomy,يربط الرحم بجدران الحوض الجانبية الرباط:,ما هو الرباط الذي يربط الرحم بجدران الحوض الجانبية؟,الاربي,المدور,العريض,الوريدي,,,C,ABCD,العريض,
339,Y1,Anatomy,Anatomy,لون لب الكظر :,ما هو لون لب الكظر؟,بني غامق,أبيض,مائل للصفرة,رمادي,,,A,ABCD,بني غامق,
347,Y2,Anatomy,Anatomy,تشكل معظم الكتلة العضلية للسان.,ما الذي يشكل معظم الكتلة العضلية للسان؟,ذقنية لسانية,ضرسية لامية,لامية لسانية,ذقنية لامية,ذات البطنين,,A,ABCDE,ذقنية لسانية,
349,Y1,Anatomy,Anatomy,أصغر الحليمات الذوقية وأكثرها عدداً:,ما هي أصغر الحليمات الذوقية وأكثرها عدداً؟,الخيطية,الفطرية,الورقية,المحوطة,,,A,ABCD,الخيطية,
354,Y1,Anatomy,Anatomy,عضلات طويلة تربط الفقرات مع بعضها:,ما هي العضلات الطويلة التي تربط الفقرات مع بعضها؟,عضلات جدار البطن الأمامي,عضلات العمود الفقري,عضلات الصدر السطحية,عضلات الصدر العميقة,,,B,ABCD,عضلات العمود الفقري,
355,Y1,Anatomy,Anatomy,اضيق قسم في جذع الدماغ,ما هو أضيق قسم في جذع الدماغ؟,مستوى المزلاج,مستوى الوصل البصلي الجسري,مستوى الدماغ المتوسط,مستوى منتصف الجسر,,,C,ABCD,مستوى الدماغ المتوسط,
358,Y1,Anatomy,Anatomy,يقع التلفيف خلف المركزي في :,أين يقع التلفيف خلف المركزي؟,الفص الصدغي.,الفص الجداري.,الفص القذالي.,فص الجزيرة.,,,B,ABCD,الفص الجداري.,
361,Y1,Anatomy,Anatomy,التلفيف خلف المركزي يحوي باحة :,ما هي الباحة التي يحويها التلفيف خلف المركزي؟,الحس الجسدي الأولية,الحركة الأولية,الحس الثانوي,السمع,,,A,ABCD,الحس الجسدي الأولية,
367,Y1,Anatomy,Anatomy,أصغر الحليمات الذوقية وأكثرها عدداً:,ما هي أصغر الحليمات الذوقية وأكثرها عدداً؟,الخيطية,الفطرية,الورقية,المحوطة,,,A,ABCD,الخيطية,
368,Y1,Anatomy,Anatomy,العضلة الحرقفية تنتمي لـ:,ما هي المجموعة العضلية التي تنتمي إليها العضلة الحرقفية؟,عضلات الزنار الحوضي الأمامية,عضلات الزنار الحوضي الخلفية,عضلات الزنار الحوضي الأنسية,عضلات الزنار الحوضي الوحشية,,,A,ABCD,عضلات الزنار الحوضي الأمامية,
372,Y1,Anatomy,Anatomy,القسم المسؤول عن تنظيم الفعالية الحياتية الذاتية هو:,ما هو القسم المسؤول عن تنظيم الفعالية الحياتية الذاتية؟,جذع الدماغ,الدماغ البيني,الدماغ الانتهائي,المخيخ,,,A,ABCD,جذع الدماغ,
373,Y1,Anatomy,Anatomy,ما هي المادة شبيهة بالهلام يشغل أربعة أخماس المقلة :,ما هي المادة شبيهة بالهلام التي تشغل أربعة أخماس المقلة؟,الخلط الماني,الخلط الزجاجي,العدسة,الشبكية,,,B,ABCD,الخلط الزجاجي,
374,Y2,Histology,Anatomy,يتم إفراز الهرمون المضاد للإدرار ADH من عصبونات تقع أجسامها في :,أين تقع أجسام العصبونات التي تفرز الهرمون المضاد للإدرار ADH؟,الأنوية جانب البصرية,الأنوية فوق البصرية,الأنوية فوق البطينية,الأنوية جانب البطينية,,,B,ABCD,الأنوية فوق البصرية,
377,Y1,Anatomy,Anatomy,عضلات لها منشأ عظمي وترتكز على باطن جلد الوجه:,ما هي العضلات التي لها منشأ عظمي وترتكز على باطن جلد الوجه؟,العضلات الماضغة,عضلات الوجه التعبيرية,عضلات العنق,لا شئ مما سبق,,,B,ABCD,عضلات الوجه التعبيرية,
378,Y1,Anatomy,Anatomy,. تاتي التروية الرئيسية للمعدة من,ما هو مصدر التروية الرئيسية للمعدة؟,فروع الشريان المساريقي العلوي,فروع الجذع الزلاقي,فروع شريان المساريقي السفلي,فروع تاتي من الابهر مباشرة,,,B,ABCD,فروع الجذع الزلاقي,
380,Y1,Anatomy,Anatomy,أطول أجزاء أنبوب الهضم هي:,ما هي أطول أجزاء أنبوب الهضم؟,المري,المعي الدقيق,الكولون,البلعوم,,,B,ABCD,المعي الدقيق,
382,Y1,Anatomy,Anatomy,ينشأ الجذع الرئوي من :,من أين ينشأ الجذع الرئوي؟,البطين الأيمن,الأذينة اليسرى,الأذينة اليمنية,البطين الأيسر,,,A,ABCD,البطين الأيمن,
383,Y1,Anatomy,Anatomy,رفع الخصية والصفن للأعلى يدعى المنعكس,ما هو اسم المنعكس الذي يحدث عند رفع الخصية والصفن للأعلى؟,السلخي,المشمري,الخصيوي,الذكري,,,B,ABCD,المشمري,
389,Y1,Anatomy,Anatomy,على وجهه السفلي تلم لمرور وتر الشظية الطويلة :,ما هو العظم الذي يحتوي على تلم في وجهه السفلي لمرور وتر الشظية الطويلة؟,النردي,العقب,الزورقي,القعب,,,A,ABCD,النردي,
392,Y1,Anatomy,Anatomy,المنطقة المتوسطة من نواح البطن:,ما هي المنطقة المتوسطة من نواحي البطن؟,الشرسوفية,الخثلية,السرية,المغبنية,,,C,ABCD,السرية,
394,Y1,Anatomy,Anatomy,يصل بين الأذينة اليسرى والبطين الأيسر :,ما الذي يصل بين الأذينة اليسرى والبطين الأيسر؟,فوهة مثلث الشرف,فوهة التاجي,الفوهة الرئوية,الفوهة الأبهرية,,,B,ABCD,فوهة التاجي,
395,Y2,Anatomy,Anatomy,يعطي الرباط الحرقفي القطني منشأ ل:,ما الذي يعطي الرباط الحرقفي القطني منشأ له؟,العضلة المربعة القطنية.,العضلة الحرقفية.,العضلة الإليوية الوسطى.,العضلة رباعية الرؤوس الفخذية.,كل ما سبق خاطئ.,,A,ABCDE,العضلة المربعة القطنية.,
399,Y1,Anatomy,Anatomy,يحفز ACTH إفراز :,ماذا يحفز ACTH إفرازه؟,الألدستيرون,الكورتيزول,الأندروجين,الكالسيتونين,,,B,ABCD,الكورتيزول,
401,Y1,Anatomy,Anatomy,أكثر أقسام الإحليل قابلية للتمدد وأعرضها,ما هو أكثر أقسام الإحليل قابلية للتمدد وأعرضها؟,الموثي,الغشاني,البصلي,الإسفنجي,,,A,ABCD,الموثي,
402,Y1,Anatomy,Anatomy,مما يتكون الزنار الحضي:,مما يتكون الزنار الحوضي؟,من العظمين الوركيين و العجز.,من العظمين الوركيين والعظمين الفخذيين.,من العجز و العظمين الفخذيين.,من العظمين الوركيين.,,,A,ABCD,من العظمين الوركيين و العجز.,
403,Y1,Anatomy,Anatomy,تقع الباحة الحركية الأولية:,أين تقع الباحة الحركية الأولية؟,أمام التلفيف الجانبي.,في التلفيف أمام المركزي .,خلف شق رولاندو.,في قص الجزيرة.,,,B,ABCD,في التلفيف أمام المركزي .,
412,Y1,Anatomy,Anatomy,. عضلة مسؤولة عن قبض الفخذ وقبض الساق,ما هي العضلة المسؤولة عن قبض الفخذ وقبض الساق؟,الخياطية,الرشيقة,المقربة الكبيرة,المقربة الطويلة,,,A,ABCD,الخياطية,
420,Y1,Anatomy,Anatomy,تتوضع تحت الطية اللسانية الغدة,أين تتوضع الغدة تحت الطية اللسانية؟,النكفية,تحت الفك السفلى,تحت اللسان,الثانوية,,,C,ABCD,تحت اللسان,
424,Y1,Anatomy,Anatomy,يتوضع السرج التركي:,أين يتوضع السرج التركي؟,على الوجه السفلي لجسم العظم الوتدي.,على الوجه العلوي لجسم العظم الوتدي.,على الوجه الأمامي لجسم العظم الصدغي.,على الوجه الخلفي لجسم العظم الوتدي.,,,B,ABCD,على الوجه العلوي لجسم العظم الوتدي.,
426,Y1,Anatomy,Anatomy,القسم مع الضلع الواقع بين الرأس والحدبية:,ما هو القسم مع الضلع الواقع بين الرأس والحدبية؟,الجسم,الميزابة,العنق,الرأس,,,C,ABCD,العنق,
443,Y1,Anatomy,Anatomy,عدد شدف النخاع الشوكي :,كم عدد شدف النخاع الشوكي؟,31,31 شفعا,12,15,,,A,ABCD,31,
450,Y1,Anatomy,Anatomy,العضلة الموسعة المسؤولة عن فتح الحنجرة :,ما هي العضلة الموسعة المسؤولة عن فتح الحنجرة؟,الحلقية الطرجهالية الوحشية,الحلقية الطرجهالية الخلفية,الطرجهالية المستعرضة,الطرجهالية المائلة,,,B,ABCD,الحلقية الطرجهالية الخلفية,
453,Y1,Anatomy,Anatomy,القسم العلوي المتسع من الحالب بدعى,ما يُدعى القسم العلوي المتسع من الحالب؟,الحويضة,النفرون,القشر,اللب,,,A,ABCD,الحويضة,
468,Y1,Anatomy,Anatomy,نقطة التعظم البدئية في لوح الكتف توجد في :,أين توجد نقطة التعظم البدئية في لوح الكتف؟,الحفرة تحت الكتف,الحفرة تحت الشوك,الحفرة فوق الكتف,الحفرة فوق الشوك,,,B,ABCD,الحفرة تحت الشوك,
469,Y1,Anatomy,Anatomy,يستمر الشريان تحت الترقوة بالشريان:,ما هو الشريان الذي يستمر به الشريان تحت الترقوة؟,الابطي,المأبضي,العضدي,القاعدي,,,A,ABCD,الابطي,
474,Y2,Anatomy,Anatomy,الشعور بالنبض عند الحافة السفلية للفك السفلي أمام العضلة الماضفة للشريان: (2015 أولى),ما هو الشريان الذي يمكن الشعور بنبضه عند الحافة السفلية للفك السفلي أمام العضلة الماضغة؟,اللساني .,الوجهي.,الوجهي المعترض.,الفكي .,الصدغي السطحي.,,B,ABCDE,الوجهي.,
489,Y1,Anatomy,Anatomy,الشريان المخي الخلفي فرع:,ما هو الشريان الذي يعتبر الشريان المخي الخلفي فرعاً منه؟,القاعدي,السباتي الظاهر,الفقري,السباتي الباطن,,,A,ABCD,القاعدي,
501,Y1,Anatomy,Anatomy,أكبر أعضاء الجسم وزناً ومساحة :,ما هو أكبر أعضاء الجسم وزناً ومساحة؟,الكبد,الجلد,المعي الدقيق,الكولون,,,B,ABCD,الجلد,
505,Y1,Anatomy,Anatomy,يشكل نصفي الكرة المخية مع الدماغ البيني:,ما الذي يشكله نصفا الكرة المخية مع الدماغ البيني؟,المخ,الدماغ,المخيخ,جذع الدماغ,,,A,ABCD,المخ,
510,Y1,Anatomy,Anatomy,من الفؤاد إلى البواب الحافة اليسرى للمعدة:,ما هو اسم الحافة اليسرى للمعدة التي تمتد من الفؤاد إلى البواب؟,الانحناء الصغير,الثرب الصغير,الانحناء الكبير,الجسم,,,C,ABCD,الانحناء الكبير,
515,Y1,Anatomy,Anatomy,ينشأ الشريان الشوكي الأمامي من :,ما هو مصدر نشأة الشريان الشوكي الأمامي؟,الفقري,القاعدي,السباتي الباطن,مسبع ويليس,,,A,ABCD,الفقري,
517,Y1,Anatomy,Anatomy,. يقع الثرب الصغير بين:,أين يقع الثرب الصغير؟,المعدة والكبد,الكبد والطحال,المعدة والطحال,المعدة والقولون المستعرض,,,A,ABCD,المعدة والكبد,
526,Y1,Anatomy,Anatomy,أين تقع صفيحة الأكيمات :,أين تقع صفيحة الأكيمات؟,الدماغ المتوسط .,البصلة.,المخيخ.,الجسر.,,,A,ABCD,الدماغ المتوسط .,
529,Y1,Anatomy,Anatomy,التلفيف خلف المركزي يحوي باحة:,ما هي الباحة التي يحويها التلفيف خلف المركزي؟,الحس الجسدي الأولية,الحركة الأولية,الحس الثانوي,السمع,,,A,ABCD,الحس الجسدي الأولية,
530,Y1,Anatomy,Anatomy,الألياف التي تربط المراكز القشرية بالمحيط تدعى :,ما هي الألياف التي تربط المراكز القشرية بالمحيط؟,إسقاطية,ترابطية,مشاركة,صوارية,,,A,ABCD,إسقاطية,
531,Y1,Anatomy,Anatomy,المفصل الحلقي الطرجهالي من المفاصل :,ما نوع المفصل الحلقي الطرجهالي؟,الليفي,الزليلي,الزجاجي,المرن,,,B,ABCD,الزليلي,
533,Y1,Anatomy,Anatomy,العصب الحركي للعضلات الماضغة هو العصب الذي رقمه:,ما هو رقم العصب الحركي للعضلات الماضغة؟,الأول,الخامس,الثالث,السابع,,,B,ABCD,الخامس,
541,Y1,Anatomy,Anatomy,عدد فصيصات الخصية:,كم عدد فصيصات الخصية؟,250,25,20,15,,,A,ABCD,250,
548,Y1,Anatomy,Anatomy,العضلة الأخمعية الخلفية ترتكز بوتر رقيق على:,أين ترتكز العضلة الأخمعية الخلفية بوتر رقيق؟,الضلع الثاني.,الحدبة الأخمعية.,لوح الكتف.,الترقوة.,,,A,ABCD,الضلع الثاني.,
554,Y1,Anatomy,Anatomy,يتوضع الثلم المهمازي على الوجه :,أين يتوضع الثلم المهمازي؟,الأنسي,الوحشي,السفلي,لا شيء مما سبق,,,A,ABCD,الأنسي,
557,Y2,Histology,Anatomy,القسيم العضلي ( sarcomere ) هو المنطقة بين :,ما هي المنطقة التي يقع بينها القسيم العضلي (sarcomere)؟,الشريطين-I-,الشريطين -Z-,الشريطين -A-,الخطين -Z-,كل ما سبق خطأ.,,D,ABCDE,الخطين -Z-,
562,Y1,Anatomy,Anatomy,تنتج الخلايا المجاورة للجريبات في الدرق:,ما الذي تنتجه الخلايا المجاورة للجريبات في الدرق؟,T3,T4,كاليستونين,باراثرمون,,,C,ABCD,كاليستونين,
563,Y2,Histology,Anatomy,بعد مغادرتها الدوران تتحول الوحيدات Monocytes الى:,ما الذي تتحول إليه الوحيدات Monocytes بعد مغادرتها الدوران؟,بالعات,لمفاويات,الوحيدات لا تغادر الدوران,خلايا بديئة,ارومات ليفية,,A,ABCDE,بالعات,
568,Y1,Anatomy,Anatomy,ينتهي الشريان الوجهي بالشريان:,ما هو الشريان الذي ينتهي به الشريان الوجهي؟,الفكي,الوتدي الحنكي,الزاوي,الأنفي,,,C,ABCD,الزاوي,
571,Y1,Anatomy,Anatomy,يتوضع الثلم المهمازي على الوجه:,أين يتوضع الثلم المهمازي؟,الانسي,الوحشي,السفلي,لا شيء مما سبق,,,A,ABCD,الانسي,
573,Y1,Anatomy,Anatomy,. العصب القحفي الذي يحمل التعصيب نظير الودي للقلب,ما هو العصب القحفي الذي يحمل التعصيب نظير الودي للقلب؟,8,9,10,11,,,C,ABCD,10,
575,Y2,Anatomy,Anatomy,يمر العصب تحت اللساني في الناحية تحت الفك عميقا من العضلة: (2014ثانية),ما هي العضلة التي يمر العصب تحت اللساني في الناحية تحت الفك عميقاً منها؟,الذقنية اللسانية .,البطن الأمامي لذات البطنين.,فرسية لامية.,إبرية لسانية.,لامية لسانية.,,E,ABCDE,لامية لسانية.,
576,Y1,Anatomy,Anatomy,تحت أي قسم من أقسام التشريح يندرج التنبيب الرغامي:,تحت أي قسم من أقسام التشريح يندرج التنبيب الرغامي؟,التشريح الجهازي.,التشريح التاجي.,التشريح التقني .,التشريح الوظيفي.,,,C,ABCD,التشريح التقني .,
578,Y1,Anatomy,Anatomy,يتشكل مفصل الركبة من:,ما هي العظام التي يتشكل منها مفصل الركبة؟,المفصل بين عظمي الفخذ والظنبوب والمفصل بين عظمي الفخذ والرضفة.,المفصل بين عظمي الفخذ والظنبوب والمفصل بين عظمي الفخذ والرضفة والمفصل بين عظمي الظنبوب والشظية.,المفصل بين عظمي الفخذ والشظية والمفصل بين عظمي الفخذ والرضفة.,المفصل بين عظمي الفخذ والشظية والمفصل بين عظمي الشظية والظنبوب.,,,A,ABCD,المفصل بين عظمي الفخذ والظنبوب والمفصل بين عظمي الفخذ والرضفة.,
579,Y1,Anatomy,Anatomy,حركة خاصة بالساعد,ما هي الحركة الخاصة بالساعد؟,الكب,العودة,المقابلة,الشتر,,,A,ABCD,الكب,
582,Y1,Anatomy,Anatomy,القسم الأمامي للثلم الأمامي الخلفي الأيسر للكبد يحوي,ما الذي يحويه القسم الأمامي للثلم الأمامي الخلفي الأيسر للكبد؟,تلم الرباط المدور,تلم الرباط الوريدي,تلم الأجوف السفلي,ثلم المرارة,,,B,ABCD,تلم الرباط الوريدي,
586,Y1,Anatomy,Anatomy,تتحد الصفيحتان السفليتان للشفرين الصغيرين لتشكل :,ماذا تشكل الصفيحتان السفليتان للشفرين الصغيرين عند اتحادهما؟,لجيم البظر,قلفة البظر,العريكشة,جبل العانة,,,A,ABCD,لجيم البظر,
591,Y1,Anatomy,Anatomy,وجد على العظم الجداري انطباعات الشريان,ما هي الانطباعات التي توجد على العظم الجداري؟,السحائي اللاحق,السحائي الأوسط,السباتي الباطن,الشريان الزاوي,,,B,ABCD,السحائي الأوسط,
592,Y1,Anatomy,Anatomy,العصب الحركي للعضلات الماضغة :,ما هو العصب الحركي للعضلات الماضغة؟,الأول,الخامس,الثالث,السابع,,,B,ABCD,الخامس,
593,Y1,Anatomy,Anatomy,-يقع الشق الحجاجي السفلي بين :,أين يقع الشق الحجاجي السفلي؟,الجناح البير والفكي العلوي,الجناح الصغير والفكي العلوي,الجناحان الكبير والصغير,الجناح الكبير والعظم الصدغي,,,A,ABCD,الجناح البير والفكي العلوي,
597,Y1,Anatomy,Anatomy,العضو المتخصص بتشكيل الصوت والتدخل بالدور في الكلام :,ما هو العضو المتخصص بتشكيل الصوت والتدخل بالدور في الكلام؟,الفم,الحنجرة,المريء,الأنف,,,B,ABCD,الحنجرة,
601,Y1,Anatomy,Anatomy,حركة الركبة للخلف بمستوى سهمي:,ما هي حركة الركبة للخلف بمستوى سهمي؟,عطف,بسط,دوران انسي,دوران وحشي,,,A,ABCD,عطف,
603,Y1,Anatomy,Anatomy,العصب القحفي المتواسط بإفراز الغدد الدمعية واللعابية هو العصب رقم :,ما هو العصب القحفي المتواسط بإفراز الغدد الدمعية واللعابية؟,السابع,الخامس,الثالث,الأول,,,A,ABCD,السابع,
609,Y1,Anatomy,Anatomy,تتوضع الصفيحة الأفقية للعظم الغربالي ضمن:,أين تتوضع الصفيحة الأفقية للعظم الغربالي؟,الثلمة الغربالية في العظم الوتدي.,الثلمة الغربالية في العظم الغربالي.,الثلمة الغربالية في العظم الدمعي.,الثلمة الغربالية في العظم الجبهي.,,,C,ABCD,الثلمة الغربالية في العظم الدمعي.,
612,Y1,Anatomy,Anatomy,لون لب الكظر :,ما هو لون لب الكظر؟,بني غامق,أبيض,مائل للصفرة,رمادي,,,A,ABCD,بني غامق,
616,Y1,Anatomy,Anatomy,وجه العظم الجبهي الذي ينتمي للقحف العصبي:,ما هو وجه العظم الجبهي الذي ينتمي للقحف العصبي؟,الخارجى,الداخلى,الانسي,العصبي,,,B,ABCD,الداخلى,
618,Y1,Anatomy,Anatomy,لون لب الكظر:,ما هو لون لب الكظر؟,بني غامق,أبيض,مائل للصفرة,رمادي,,,A,ABCD,بني غامق,
627,Y1,Anatomy,Anatomy,يحيط بجسم القضيب لفافة:,ما هي اللفافة التي تحيط بجسم القضيب؟,بوك,كولس,القضيبية الوسطى,الشاملة,,,A,ABCD,بوك,
632,Y1,Anatomy,Anatomy,العضلة التي تعد من العضلات الوحشية للساق وقد تعد من العضلات الأمامية للساق :,ما هي العضلة التي تعد من العضلات الوحشية للساق وقد تعد من العضلات الأمامية للساق؟,العضلة الشظوية الطويلة,العضلة الشظوية القصيرة,العضلة الشظويةالثالثة,العضلة الظنبوبية الأمامية,,,C,ABCD,العضلة الشظويةالثالثة,
635,Y2,Histology,Anatomy,في حالة الإصابة بنقص الأكسجة فإن اول ما يتأثر من الخلايا الكبدية :,ما هو أول ما يتأثر من الخلايا الكبدية في حالة الإصابة بنقص الأكسجة؟,الخلايا الكبدية المحيطية,الخلايا الكبدية المركزية,كلا˝ من a و .b,لا تتأثر خلايا كبدية.,,,B,ABCD,الخلايا الكبدية المركزية,
636,Y1,Anatomy,Anatomy,عضلات طويلة تربط الفقرات مع بعضها :,ما هي العضلات الطويلة التي تربط الفقرات مع بعضها؟,عضلات جدار البطن الأمامي,عضلات العمود الفقري,عضلات الصدر السطحية,عضلات الصدر العميقة,,,B,ABCD,عضلات العمود الفقري,
640,Y1,Anatomy,Anatomy,الطية الجلدية التي تغطي رأس القضيب تُدعى:,ما هي الطية الجلدية التي تغطي رأس القضيب؟,الحشفة,لفافة بوك,القلفة,البصلة,,,C,ABCD,القلفة,
644,Y1,Anatomy,Anatomy,يتفرع الشريان الأكليلي الايمن والأيسر من :,من أين يتفرع الشريان الأكليلي الأيمن والأيسر؟,الأبهر الصاعد,الأبهر الصدري,الأبهر البطني,الأبهر النازل,,,A,ABCD,الأبهر الصاعد,
645,Y1,Anatomy,Anatomy,متى ينشأ برزخ الأبهر؟ :,متى ينشأ برزخ الأبهر؟,قبل منشأ الشريان السباتي المشترك,قبل منشأ الشريان تحت الترقوة الأيسر,بعد منشأ الشريان تحت الترقوة الأيسر,كل ما سبق خطأ,,,C,ABCD,بعد منشأ الشريان تحت الترقوة الأيسر,
647,Y1,Anatomy,Anatomy,أصغر الفروع الأمامية للابهر البطني:,ما هو أصغر الفروع الأمامية للأبهر البطني؟,الجذع البطني,المساريقي العلوي,المساريقي السفلي,الشريان الكظري,,,C,ABCD,المساريقي السفلي,
655,Y1,Anatomy,Anatomy,الألياف التي تربط التلافيف والفصوص في نصف كرة مخية واحد:,ما هي الألياف التي تربط التلافيف والفصوص في نصف كرة مخية واحد؟,إسقاطية,ترابطية,صوارية,التقائية,,,B,ABCD,ترابطية,
656,Y1,Anatomy,Anatomy,ميزابة النبض بين أوتار العضلات :,ما هي ميزابة النبض بين أوتار العضلات؟,العضدية الكعبرية قابضة الرسغ الكعبرية,العضدية الزندية باسطة الرسغ الزندية,المرفقية الاستلقائية,الكأبة المربعة الكأبة المدورة,,,A,ABCD,العضدية الكعبرية قابضة الرسغ الكعبرية,
657,Y1,Anatomy,Anatomy,. الوريد السطحي الذي يشكل الابطي هو:,ما هو الوريد السطحي الذي يشكل الابطي؟,القاعدي,الراسي,العضدي,تحت الترقوة,,,A,ABCD,القاعدي,
660,Y1,Anatomy,Anatomy,تفرز الخلايا ألفا في البنكرياس:,ماذا تفرز الخلايا ألفا في البنكرياس؟,الفلوكاغون,الانسولين,السوماتوستاتين,لا شيء مما سبق,,,A,ABCD,الفلوكاغون,
664,Y1,Anatomy,Anatomy,أعمق الانخفاضات في الصيوان يُدعى:,ما هو اسم أعمق الانخفاضات في الصيوان؟,المحار,الحتار,فصيص الأذن,نظير الحتار,,,A,ABCD,المحار,
665,Y1,Anatomy,Anatomy,وظيفة : PTH,ما هي وظيفة هرمون الغدة جار الدرقية PTH؟,يرفع كالسيوم الدم,يخفض كالسيوم الدم,يرفع كالسيوم البول,لا شيء مما سبق,,,A,ABCD,يرفع كالسيوم الدم,
669,Y1,Anatomy,Anatomy,يمتد من المنخر حتى المنعر:,ما الذي يمتد من المنخر حتى المنعر؟,قمة الأنف,ظهر الأنف,جوف الأنف,جذر الأنف,,,C,ABCD,جوف الأنف,
671,Y1,Anatomy,Anatomy,يقع بين جسم الفقرة والقوس الفقرية :,ما الذي يقع بين جسم الفقرة والقوس الفقرية؟,الثقبة المستعرضة,الثقبة بين الفقرية,الثقبة الفقرية,الثقبة المغذية,,,C,ABCD,الثقبة الفقرية,
676,Y1,Anatomy,Anatomy,تتوضع الطية المخملة على:,أين تتوضع الطية المخملة؟,الوجه العلوي للسان,الوجه السفلي للسان,اللثتين,الشدفين,,,B,ABCD,الوجه السفلي للسان,
680,Y1,Anatomy,Anatomy,يفرز هرمون ال PTH :,ما هو الهرمون الذي يفرز PTH؟,الغدد جارات الدرق.,الغدة النخامية.,الغدة الكظرية.,الغدة الدرقية.,,,A,ABCD,الغدد جارات الدرق.,
683,Y2,Histology,Anatomy,الخلايا الشحمية قادرة على تصنيع Fatty acids من الغلوكوز وهي عملية تتسرع بتأثير:,ما هو الهرمون الذي يسرع عملية تصنيع الأحماض الدهنية من الغلوكوز في الخلايا الشحمية؟,الغلوكاغون,الأنسولين,الباراثورمون,الثيروكسين,الثالث والرابع.,,B,ABCDE,الأنسولين,
688,Y1,Anatomy,Anatomy,العضلات التي تعمل على توازن الرأس على الجذع هي:,ما هي العضلات التي تعمل على توازن الرأس على الجذع؟,عضلات الوجه التعبيرية.,العضلة الصدغية.,عضلات العنق.,العضلة الجناحية الأنسية.,,,C,ABCD,عضلات العنق.,
693,Y1,Anatomy,Anatomy,يعبر العصب الوجهي عبر :,من أين يخرج العصب الوجهي من الجمجمة؟,الثقبة الأبرية الخشائية,الثقبة المدورة,الثقة الشوكية,الثقبة البيضية,,,A,ABCD,الثقبة الأبرية الخشائية,"""من أين يخرج العصب الوجهي من الجمجمة؟"""
696,Y1,Anatomy,Anatomy,يتصل المدورين بالخلف في الفخذ بــ:,ما الذي يتصل به المدورين بالخلف في الفخذ؟,الخط بين المدورين,العرف بين المدورين,الثلمة بين المدورة,لا شيء مما سبق,,,B,ABCD,العرف بين المدورين,
698,Y1,Anatomy,Anatomy,يدخل الحالبان المثانة من سطحها,أين يدخل الحالبان المثانة؟,الخلفي,الجانبي,السفلي,العلوى,,,A,ABCD,الخلفي,
700,Y1,Anatomy,Anatomy,الباحة المسؤولة عن حركات العين هي:,ما هي الباحة المسؤولة عن حركات العين؟,5 و 6,4,7,8,,,D,ABCD,8,
709,Y1,Anatomy,Anatomy,ينشأ الجذع المشترك للشريان بين العظمين من الشريان,ما هو الشريان الذي ينشأ منه الجذع المشترك للشريان بين العظمين؟,الزندي,الكعبري,العضدي,الابطي,,,A,ABCD,الزندي,
710,Y1,Anatomy,Anatomy,. وجه من عظم الترقوة عليه ميزابة طولانية:,ما هو وجه عظم الترقوة الذي عليه ميزابة طولانية؟,الوجه العلوي,الوجه السفلي,الوجه العلوي والسفلي,كل ماسبق خطأ,,,B,ABCD,الوجه السفلي,
713,Y1,Anatomy,Anatomy,. يفرز الغلوكاغون من؟,من أين يفرز الغلوكاغون؟,خلايا بيتا في المعثكلة,خلايا الفا في المعثكلة,لب الكظر,الغدة الدرقية,,,B,ABCD,خلايا الفا في المعثكلة,
715,Y1,Anatomy,Anatomy,ما هي الطبقة المبطنة للتامور الليفي:,ما هي الطبقة المبطنة للتامور الليفي؟,التامور الليفي,التامور المصلي الجداري,التامور المصلي الحشوي,لا شيء مما سبق,,,B,ABCD,التامور المصلي الجداري,
718,Y1,Anatomy,Anatomy,التوسع في نهاية الأسهر يعني,ما هو معنى التوسع في نهاية الأسهر؟,مجل الأسهر,الحويصل المنوى,القناة الدافقة,لاشئ مما سبق,,,A,ABCD,مجل الأسهر,
720,Y1,Anatomy,Anatomy,عدد فقرات الجزء الصدري من العمود الفقري:,كم عدد فقرات الجزء الصدري من العمود الفقري؟,10,12,14,8,,,B,ABCD,12,
722,Y1,Anatomy,Anatomy,ينتج هرمون الأستروجين من :,من أين ينتج هرمون الأستروجين؟,الخصية,المبيض,الدرق,الكظر,,,B,ABCD,المبيض,
739,Y1,Anatomy,Anatomy,الفروع الانتهائية للسباني الخارجي هي:,ما هي الفروع الانتهائية للسباني الخارجي؟,فكي وصدغي عميق,فكي وصدغي سطحي,حنكي وصدغي سطحي,فكي وصدغي أوسط,,,C,ABCD,حنكي وصدغي سطحي,
743,Y2,Anatomy,Anatomy,تستلم عضلات الظهلر العميقه تعصيبها الحركى من:,ما هو مصدر التعصيب الحركي لعضلات الظهر العميقة؟,الشعب الاوليه البطنيه,الشعب الاوليه الظهريه,الفروع الخلفيه للاعصاب الناقبه الوحشيه,الجذور الظهريه,الجذور البطنيه,,B,ABCDE,الشعب الاوليه الظهريه,
748,Y1,Anatomy,Anatomy,. الجيب الوريدي الذي يصب في الوريد الوداجي الباطن,ما هو الجيب الوريدي الذي يصب في الوريد الوداجي الباطن؟,الجيب الكهفي,الجيب القاعدي,الجيب السيني,الجيب المستعرض,,,C,ABCD,الجيب السيني,
752,Y1,Anatomy,Anatomy,. يتوضع العظم الكتفي على الجدار الخلفي العلوي للصدر بمحاذاة الاضلاع,أين يتوضع العظم الكتفي؟,الاضلاع الثانية حتى السابعة,الاضلاع السبعة الاولى,الاضلاع الثالثة حتى السابعة,الاضلاع الستة الاولى,,,A,ABCD,الاضلاع الثانية حتى السابعة,
753,Y1,Anatomy,Anatomy,المنطقة الأعمق في الغدة الكظرية :,ما هي المنطقة الأعمق في الغدة الكظرية؟,اللب,الحزمية,الشبكية,الكبيبية,,,A,ABCD,اللب,
756,Y1,Anatomy,Anatomy,يقع بين النواة العدسية من جهة والنواة والمهاد من الجهة الأخرى:,ما الذي يقع بين النواة العدسية من جهة والنواة والمهاد من الجهة الأخرى؟,النواة السوداء.,المنقار.,المحفظة الداخلية.,النواة البينية.,,,C,ABCD,المحفظة الداخلية.,
760,Y1,Anatomy,Anatomy,-ينفتح على القرين الانفي العلوي :,ما الذي ينفتح على القرين الأنفي العلوي؟,الجيب الوتدي,الجيب الفكي,الجيب الغربالي,الجيب الجبهي,,,A,ABCD,الجيب الوتدي,
761,Y1,Anatomy,Anatomy,- يمكن إجراء الحقن العضلي في القسم العلوي من :,أين يمكن إجراء الحقن العضلي في القسم العلوي؟,ذات الرأسين العضدية,الدالية,الغرابية العضدية,المدورة الصغيرة,,,B,ABCD,الدالية,
763,Y1,Anatomy,Anatomy,تتوضع الاحدوبة الدالية في العضد على السطح:,أين تتوضع الاحدوبة الدالية في العضد؟,الانسي,الوحشي,الخلفي,لا شيء مما يلي,,,B,ABCD,الوحشي,
768,Y1,Anatomy,Anatomy,أكبر الجيوب جانب الأنف:,ما هو أكبر الجيوب جانب الأنف؟,الفكي,الجبهي,الغربالي,الوتدي,,,A,ABCD,الفكي,
775,Y1,Anatomy,Anatomy,المحرك لعضلات اللسان :,ما هو العصب المحرك لعضلات اللسان؟,11,7,12,9,,,C,ABCD,12,
777,Y1,Anatomy,Anatomy,يتوضع تحت الخط الضرسي اللامي :,ما الذي يتوضع تحت الخط الضرسي اللامي؟,حفرة ذات البطنين,حفرة الغدة تحت اللسان,حفرة الغدة تحت الفك السفلي,لا شيء مما سبق,,,C,ABCD,حفرة الغدة تحت الفك السفلي,
791,Y1,Anatomy,Anatomy,الطبقة المحيطة بالقلب والمرتبط به:,ما هي الطبقة المحيطة بالقلب والمرتبطة به؟,التامور الليفي,التامور المصلي الجداري,التامور المصلي الحشوي,لا شيء مما سبق,,,C,ABCD,التامور المصلي الحشوي,
793,Y1,Anatomy,Anatomy,ينشأ الشريان الزاوي من :,ما هو الشريان الذي ينشأ منه الشريان الزاوي؟,الشريان الوجهي,الشريان اللساني,الشريان الفكي,الشريان العيني,,,A,ABCD,الشريان الوجهي,
796,Y1,Anatomy,Anatomy,. يتشكل الوريد المأبضي من اتحاد,ما هو تشكل الوريد المأبضي؟,الوريد الظنبوبي الامامي والوريد الظنبوبي الخلفي,الوريد الظنبوبي الامامي والوريد الشوي,الوريد الحرقفي الداخلي والخارجي,الوريد الصافن الكبير والصغير,,,A,ABCD,الوريد الظنبوبي الامامي والوريد الظنبوبي الخلفي,
799,Y1,Anatomy,Anatomy,المنطقة الأعمق في قشرالكظر :,ما هي المنطقة الأعمق في قشر الكظر؟,الكبيبية,الحزمية,الشبكية,اللب,,,C,ABCD,الشبكية,
802,Y1,Anatomy,Anatomy,. يقع في عمق التلم الوحشي,أين يقع التلم الوحشي؟,فص الجزيرة,الفص الجبهي,الفص الجداري,الفص القذالي,,,A,ABCD,فص الجزيرة,
803,Y1,Anatomy,Anatomy,يصب الوريد الكلوي في,أين يصب الوريد الكلوي؟,الوريد الفرد,الوريد نصف الفرد,الأجوف السفلي,الأجوف العلوي,,,C,ABCD,الأجوف السفلي,
808,Y2,Anatomy,Anatomy,ترتكز العضلة المدورة الصغيرة على :,أين ترتكز العضلة المدورة الصغيرة؟,وحشي اخدود ذات الرأسين.,أنسي أخدود ذات الرأسين.,قاع أخدود ذات الرأسين.,الناتئ الغرابي.,حديبة العضد الكبرى.,,e,ABCDE,حديبة العضد الكبرى.,
811,Y1,Anatomy,Anatomy,الردب الكمثري يتبع البلعوم:,ما هو الجزء من البلعوم الذي يتبعه الردب الكمثري؟,الأنفي,الفموي,الحنجري,لا شيء مما سبق,,,C,ABCD,الحنجري,
815,Y1,Anatomy,Anatomy,عدد الأعصاب القحفية:,كم عدد الأعصاب القحفية؟,12 عصبًا,12 شفعًا,31 عصبًا,31 شفعًا,,,B,ABCD,12 شفعًا,
816,Y1,Anatomy,Anatomy,يتوضع نواة العصب العاشر في:,أين تتوضع نواة العصب العاشر؟,الجسر,البصلة,الدماغ المتوسط,المخيخ,,,B,ABCD,البصلة,
817,Y1,Anatomy,Anatomy,العنصر الذي يجاور الرغامي من الخلف هو :,ما هو العنصر الذي يجاور الرغامي من الخلف؟,غدة التيموس,قوس الأبهر,المري,الجذع العضدي الرأسي,,,C,ABCD,المري,
818,Y1,Anatomy,Anatomy,العصب القحفي الذي يجتاز النفق الصدري:,ما هو العصب القحفي الذي يجتاز النفق الصدري؟,1,2,3,4,,,B,ABCD,2,
819,Y1,Anatomy,Anatomy,العظم الأضخم في هيكل القدم:,ما هو العظم الأضخم في هيكل القدم؟,القعب,العقب,الزورقي,النردي,,,B,ABCD,العقب,
822,Y1,Anatomy,Anatomy,. يوجد النفير البلعومي السمعي في:,أين يوجد النفير البلعومي السمعي؟,الانف,البلعوم الفموي,البلعوم الانفي,البلعوم الحنجري,,,C,ABCD,البلعوم الانفي,
826,Y2,Anatomy,Anatomy,يحد فتحة وينسلو من الأسفل:,ما الذي يحد فتحة وينسلو من الأسفل؟,البواب.,الإثني عشر.,الفص المذنب الكبد.,الثرب الصغير.,مساريقا القولون المعترض.,,B,ABCDE,الإثني عشر.,
830,Y1,Anatomy,Anatomy,يُسمى الوجه الأمامي للوح الكتف:,ما يُسمى الوجه الأمامي للوح الكتف؟,الحفرة فوق الشوك,الحفرة تحت الشوك,الحفرة تحت الكتفية,الحفرة فوق الكتفية,,,C,ABCD,الحفرة تحت الكتفية,
832,Y1,Anatomy,Anatomy,يتم تروية القولون الصاعد من الشريان :,ما هو الشريان الذي يروي القولون الصاعد؟,الكلوي,المعدي الأيسر,المساريقي العلوي,المساريقي السفلي,,,C,ABCD,المساريقي العلوي,
834,Y1,Anatomy,Anatomy,الطية الجلدية التي تغطي رأس القضيب تدعى,ما هي الطية الجلدية التي تغطي رأس القضيب؟,الحشفة,لفافة بوك,القلفة,البصلة,,,C,ABCD,القلفة,
835,Y1,Anatomy,Anatomy,يدعى القسم العلوي المتسع من الحالب :,ما يُدعى القسم العلوي المتسع من الحالب؟,الجيب الكلوي,اللب الكلوي,الحويضة,الهرم الكلوي,,,C,ABCD,الحويضة,
839,Y1,Anatomy,Anatomy,المنطقة الفاصلة بين الطيتين الصوتيين:,ما هي المنطقة الفاصلة بين الطيتين الصوتيين؟,الدهليز,البطين,مشق المزمار,الجوف تحت المزماري,,,C,ABCD,مشق المزمار,
840,Y2,Histology and Anatomy,Anatomy,هذه الطبقة من الكظر تتألف من حبال مقوسة من خلايا عمودية متقاربة إنها :,ما هي الطبقة من الكظر التي تتألف من حبال مقوسة من خلايا عمودية متقاربة؟,الطبقة الكبيبة,الطبقة الحزمية,محفظة الكظر,الطبقة الشبكية,لب الكظر,,A,ABCDE,الطبقة الكبيبة,
841,Y1,Anatomy,Anatomy,الخلايا التي تتوضع في اللحمة بين النبيبات,ما هي الخلايا التي تتوضع في اللحمة بين النبيبات؟,المولدة للنطاف,لايديغ,سيرتولي,لا شيء مما سبق,,,B,ABCD,لايديغ,
860,Y1,Anatomy,Anatomy,السطح الخلفي للفخذ تحت المدور الكبير:,ما هو السطح الخلفي للفخذ تحت المدور الكبير؟,الأحدوبة الرشيقة,الأحدوبة الأولوية,الأحدوبة المربعة,حديبة رباعية الرؤوس الفخذية,,,B,ABCD,الأحدوبة الأولوية,
861,Y1,Anatomy,Anatomy,القسم الأمامي للثلم الأمامي الخلفي الأيسر للكبد يحوي:,ما الذي يحويه القسم الأمامي للثلم الأمامي الخلفي الأيسر للكبد؟,ثلم الرباط الوريدي,ثلم الرباط المدور,ثلم الأجوف السفلي,ثلم المرارة,,,B,ABCD,ثلم الرباط المدور,
864,Y1,Anatomy,Anatomy,الشريان الذي يروي معظم الوجه الوحشي للمخ :,ما هو الشريان الذي يروي معظم الوجه الوحشي للمخ؟,المخي الأمامي.,المخى الأوسط.,المخي الخلفي.,العيني.,,,B,ABCD,المخى الأوسط.,
870,Y1,Anatomy,Anatomy,المنطقة الفاصلة بين الطيتين الصوتيين:,ما هي المنطقة الفاصلة بين الطيتين الصوتيين؟,الدهليز,البطين,مشق المزمار,الجوف تحت المزماري,,,C,ABCD,مشق المزمار,
872,Y1,Anatomy,Anatomy,العصب القحفي الذي يعبر الثقبة البيضية:,ما هو العصب القحفي الذي يعبر الثقبة البيضية؟,البصري,العيني,الفكي السفلي,الفكي العلوي,,,C,ABCD,الفكي السفلي,
873,Y2,Histology and Anatomy,Anatomy,تحدث عملية الاباضة بسبب الدفق الشديد لهرمون :,ما هو الهرمون الذي يسبب دفقه الشديد حدوث عملية الإباضة؟,LH,FSH,TSH,GuRH,الأول والثاني,,A,ABCDE,LH,
876,Y1,Anatomy,Anatomy,يستهدف الدرق ويحفز إفراز الهرمون الدرقي:,ما هو الهرمون الذي يستهدف الدرق ويحفز إفراز الهرمون الدرقي؟,T3,T4,TSH,a + b,,,C,ABCD,TSH,
882,Y1,Anatomy,Anatomy,أكبر عقدة مفردة من النسيج اللمفاوي:,ما هي أكبر عقدة مفردة من النسيج اللمفاوي؟,الكبد,الطحال,الدرقية,التيموس,,,B,ABCD,الطحال,
884,Y1,Anatomy,Anatomy,- العضلة الرئيسية المسؤولة عن قبض المرفق :,ما هي العضلة الرئيسية المسؤولة عن قبض المرفق؟,العضدية,قابضة الرسغ الزندية,قابضة الرسغ الكعبرية,الراحية الطويلة,,,A,ABCD,العضدية,
887,Y1,Anatomy,Anatomy,توجد على حافتي اللسان وتحوي براعم ذوقية كثيرة:,ما هي التراكيب التي توجد على حافتي اللسان وتحوي براعم ذوقية كثيرة؟,الخيطية,الفطرية,الورقية,المحوطة,,,C,ABCD,الورقية,
888,Y1,Anatomy,Anatomy,شعيرات دموية تغلفها محفظة بومان,ما هي الشعيرات الدموية التي تغلفها محفظة بومان؟,القشر الكلوي,الكبيبة الكلوية,الحليمة الكلوية,اللب الكلوي,,,B,ABCD,الكبيبة الكلوية,
891,Y1,Anatomy,Anatomy,الحافة من الفرع التي تشكل زاوية الفك السفلي :,ما هي الحافة من الفرع التي تشكل زاوية الفك السفلي؟,الأمامية,الخلفية,العلوية,الوحشية,,,B,ABCD,الخلفية,
904,Y1,Anatomy,Anatomy,تغلف العضلة البصلية الإسفنجية :,ما الذي تغلفه العضلة البصلية الإسفنجية؟,ساق القضيب,الجسم الاسفنجي,بصلة القضيب,الحشفة,,,C,ABCD,بصلة القضيب,
909,Y1,Anatomy,Anatomy,يخرج العصب الشوكي من :,من أين يخرج العصب الشوكي؟,الثقبة بين الفقرية,الثقبة الفقرية,الثقبة الكبرى,التثقبة الشوكية,,,A,ABCD,الثقبة بين الفقرية,
911,Y1,Anatomy,Anatomy,العضلة مصرة الحدقة معصبة بألياف :,ما هي الألياف التي تعصب العضلة مصرة الحدقة؟,ودية,نظيرة ودية,شوكية,لا شيء مما سبق,,,B,ABCD,نظيرة ودية,
915,Y1,Anatomy,Anatomy,يحوي الدماغ البيني داخله جوف البطين:,ما هو البطين الذي يحويه الدماغ البيني داخله؟,الجانبي,الرابع,الثالث,لا شيء مما سبق,,,C,ABCD,الثالث,
919,Y1,Anatomy,Anatomy,يشغل الجزء العلوي من قبة القحف,ما الذي يشغل الجزء العلوي من قبة القحف؟,العظم الجداري,العظم الجبهي,العظم القذالي,العظم الوتدي,,,A,ABCD,العظم الجداري,
920,Y1,Anatomy,Anatomy,تعصب Partoid Gland بواسطة العصب:,ما هو العصب الذي يعصب الغدة النكفية؟,البلعومي اللساني,العصب الوجهي,تحت اللساني,اللساني,,,C,ABCD,تحت اللساني,
921,Y1,Anatomy,Anatomy,العصب تحت اللساني يخرج من :,من أين يخرج العصب تحت اللساني؟,النفق تحت اللساني,النفق السباتى,النفق الوداجي,الثقبة البيضية,,,A,ABCD,النفق تحت اللساني,
922,Y2,Histology,Anatomy,الخلايا البالعة الكبدية هي :,ما هي الخلايا البالعة الكبدية؟,خلايا مايسنر,بالعات كبيرة,خلايا كوبفر.,ليس أيا˝ مما سبق.,,,C,ABCD,خلايا كوبفر.,
932,Y1,Anatomy,Anatomy,يصب الوريد الصافن الكبير (الأنسي) في :,أين يصب الوريد الصافن الكبير (الأنسي)؟,الوريد الفخذي,الوريد المأبضي,الوريد الحرقفي الداخلي,الوريد الحرقفي الخارجي,,,A,ABCD,الوريد الفخذي,
948,Y1,Anatomy,Anatomy,يستمر الريان تحت الترقوة بالشريان,ما هو الشريان الذي يستمر به الريان تحت الترقوة؟,الإبطي,الما بضي,العضدي,القاعدي,,,A,ABCD,الإبطي,
950,Y1,Anatomy,Anatomy,الردب بين عنق الرحم والمهبل تُدعى:,ما تُدعى الردب بين عنق الرحم والمهبل؟,الجيب البولي التناسلي,الحجاب البولي التناسلي,قبو المهبل,عنق الرحم المهبلي,,,C,ABCD,قبو المهبل,
954,Y1,Anatomy,Anatomy,يتم التمفصل بين قبضة وجسم القص في مستوى الفقرة الصدرية :,في أي مستوى من الفقرات الصدرية يتم التمفصل بين قبضة وجسم القص؟,الأولى .,الثانية .,الرابعة.,الثالثة.,,,C,ABCD,الرابعة.,
958,Y1,Anatomy,Anatomy,يربط الرحم بجدران الحوض الجانبية الرباط:,ما هو الرباط الذي يربط الرحم بجدران الحوض الجانبية؟,الإربي,المدور,العريض,الوريدي,,,C,ABCD,العريض,
959,Y1,Anatomy,Anatomy,تنشأ من الشوكة الحرقفية الأمامية العلوية وترتكز انسي الظنبوب :,ما هي العضلة التي تنشأ من الشوكة الحرقفية الأمامية العلوية وترتكز انسي الظنبوب؟,مربعة الرؤوس الفخذية,المشطية,الخياطية,ثنائية الرؤوس الفخذية,,,C,ABCD,الخياطية,
964,Y2,Histology,Anatomy,الطبقة البطانية الرحمية التي تتعرض إلى تغيرات ملحوظة أثناء الدورة الشهرية:,ما هي الطبقة البطانية الرحمية التي تتعرض إلى تغيرات ملحوظة أثناء الدورة الشهرية؟,الطبقة الوظيفية.,الطبقة التي تملك صفيحة مخصوصة أغنى بالخاليا.,الطبقة التي تحوي على الأجزاء العميقة من غدد باطن الرحم.,كل ما سبق خطأ.,,,A,ABCD,الطبقة الوظيفية.,
982,Y2,Anatomy,Anatomy,المنعكس القلبي التثبيطي من مستقبلات الضغط الموجودة في:,ما هو موقع مستقبلات الضغط المسؤولة عن المنعكس القلبي التثبيطي؟,الجيب الأبهري.,الجيب السباتي.,جدار الأذينة اليمني.,عند تفرع الأبهر.,كل ما سبق خاطئ.,,B,ABCDE,الجيب السباتي.,
985,Y1,Anatomy,Anatomy,أكبر أعضاء الجسم وزناً ومساحة :,ما هو أكبر أعضاء الجسم وزناً ومساحة؟,الكبد,الجلد,المعي الدقيق,الكولون,,,B,ABCD,الجلد,
988,Y2,Anatomy,Anatomy,البنية الأكثر علوا في جذر الرئة اليسرى:,ما هي البنية الأكثر علواً في جذر الرئة اليسرى؟,الشريان الرئوي,الوريد الرئوي العلوي,القصبة اليسرى,الوريد الرئوي السفلي,الوريد الفرد,,A,ABCDE,الشريان الرئوي,
994,Y1,Anatomy,Anatomy,يعبر الشريان السحاني الأوسط عبر :,ما هو المكان الذي يعبر من خلاله الشريان السحاني الأوسط؟,الثقبة البيضية,الثقبة المدورة,الثقبة الشوكية,الثقبة الأبرية الخشائية,,,C,ABCD,الثقبة الشوكية,
995,Y1,Anatomy,Anatomy,جوف هوائي يحوي عظيمات السمع:,ما هو الجوف الهوائي الذي يحوي عظيمات السمع؟,الأذن الخارجية,الأذن الداخلية,الأذن الوسطى,نفير اوستاش,,,C,ABCD,الأذن الوسطى,
1008,Y2,Histology,Anatomy,وظيفة النهايات العصبية الحرة الواردة ضمن ألياف العضلة القلبية :,ما هي وظيفة النهايات العصبية الحرة الواردة ضمن ألياف العضلة القلبية؟,الإحساس بالضغط.,لإحساس بالحرارة.,الإحساس بالألم.,ليس لها دور بالإحساس.,,,C,ABCD,الإحساس بالألم.,
1015,Y2,Histology and Anatomy,Anatomy,ماهي الخلايا التي تخزن فيتامين A في الكبد :,ما هي الخلايا التي تخزن فيتامين A في الكبد؟,الخلايا الكبدية,خلايا إيتو,خلايا كوبفر,الخلايا البطانية,,,B,ABCDE,خلايا إيتو,
1021,Y1,Anatomy,Anatomy,يحمل الشريان الرئوي الدم غير المؤكسج من :,من أين يحمل الشريان الرئوي الدم غير المؤكسج؟,البطين الأيسر,الأذينة اليسرى,البطين الأيمن,الأذينة اليمنى,,,C,ABCD,البطين الأيمن,
1022,Y1,Anatomy,Anatomy,العصب القحفي الثاني :,ما هو العصب القحفي الثاني؟,البصري - حاسي,العيني - حاسي,البصري - حسي,العيني - حسي,,,A,ABCD,البصري - حاسي,
1023,Y1,Anatomy,Anatomy,تنتمي الثلمة الاسكية الصغيرة للعظم:,ما هو العظم الذي تنتمي إليه الثلمة الاسكية الصغيرة؟,الحرقفة,الاسك,العانة,لا شيء مما سبق,,,B,ABCD,الاسك,
1028,Y1,Anatomy,Anatomy,الغضروف المرتبط مع الحلقة الرغامية الأولى:,ما هو الغضروف المرتبط مع الحلقة الرغامية الأولى؟,الحلقي,الطرجهالي,الدرقي,القريني,,,A,ABCD,الحلقي,
1035,Y1,Anatomy,Anatomy,المفصل يتألف من سطحين كل منهما محدب في اتجاه ومقعر في اتجاه آخر,ما هو المفصل الذي يتألف من سطحين كل منهما محدب في اتجاه ومقعر في اتجاه آخر؟,سرجي saddle,كروى ball and socket,لقمي condyloid,صائري pivot,,,A,ABCD,سرجي saddle,
1039,Y1,Anatomy,Anatomy,أكبر أعصاب الجسم هو :,ما هو أكبر أعصاب الجسم؟,مثلث القوائم,الزندي,المبهم,الوركي,,,D,ABCD,الوركي,
1041,Y1,Anatomy,Anatomy,عدد العضلات بين العظمية الأخمصية:,كم عدد العضلات بين العظمية الأخمصية؟,3,4,5,6,,,A,ABCD,3,
1052,Y1,Anatomy,Anatomy,ينتهي الأبهر النازل بمستوى:,أين ينتهي الأبهر النازل؟,C4,T4,L4,L2,,,C,ABCD,L4,
1062,Y1,Anatomy,Anatomy,المراكز المسؤولة عن تنسيق الفعالية الحركية وضمان الثباتية :,ما هي المراكز المسؤولة عن تنسيق الفعالية الحركية وضمان الثباتية؟,النوى القاعدية,القشرة المخية,جذع الدماغ,المادة البيضاء,,,A,ABCD,النوى القاعدية,
1066,Y1,Anatomy,Anatomy,وجه العظم الجبهي الذي ينتمي للقحف العصبي هو الوجه ال:,ما هو وجه العظم الجبهي الذي ينتمي للقحف العصبي؟,الخارجي,الداخلي,الانسي,الوحشي,,,B,ABCD,الداخلي,
1070,Y1,Anatomy,Anatomy,ينفتح الجيب الفكي على :,أين ينفتح الجيب الفكي؟,الصماخ العلوي,الصماخ السفلي,الصماخ المتوسط,كل ما سبق صحيح,,,C,ABCD,الصماخ المتوسط,
1071,Y1,Anatomy,Anatomy,أكبر أقسام المعثلكة:,ما هو أكبر أقسام المعثكلة؟,الرأس,العنق,الجسم,الذيل,,,A,ABCD,الرأس,
1077,Y1,Anatomy,Anatomy,الحجرة الخلفية للعين بين:,ما هي الحدود التشريحية للحجرة الخلفية للعين؟,القزحية في الأمام والعدسة في الخلف,القرنية في الأمام والقزحية في الخلف,العدسة في الأمام والشبكية في الخلف,لا شيء مما سبق,,,A,ABCD,القزحية في الأمام والعدسة في الخلف,
1079,Y1,Anatomy,Anatomy,ترتكز العضلة الشظوية القصيرة على :,أين ترتكز العضلة الشظوية القصيرة؟,قاعدة المشط الخامس,قاعدة المشطى الأول,الاسفيني الوحشي,B+C,,,A,ABCD,قاعدة المشط الخامس,
1083,Y1,Anatomy,Anatomy,منطقة في الحنجرة تشمل الطيتين الصوتيتين والمسافة بينهما:,ما هي المنطقة في الحنجرة التي تشمل الطيتين الصوتيتين والمسافة بينهما؟,المزمار,مشق المزمار,البطين الحنجري,الحبل الصوتي,,,A,ABCD,المزمار,
1085,Y1,Anatomy,Anatomy,الوهدة تقع في البلعوم:,أين تقع الوهدة في البلعوم؟,الأنفي,الفموي,الحنجري,لا شيء مما سبق,,,B,ABCD,الفموي,
1086,Y1,Anatomy,Anatomy,تتوضع تحت الطية اللسانية الغدة:,ما هي الغدة التي تتوضع تحت الطية اللسانية؟,النكفية,تحت الفك السفلي,اللسان,الثانوية,,,C,ABCD,اللسان,
1102,Y2,Anatomy,Anatomy,ينتقل الحس غير عام (حس الذوق) من الثلث الأمامي للسان عبر: (2014 ثانية),ما هو العصب الذي ينتقل عبره الحس غير العام (حس الذوق) من الثلث الأمامي للسان؟,العصب الوجهي.,العصب تحت اللساني.,العصب اللسانى البلعومى.,العصب الفكى السفلي.,العصب الفكى.,,A,ABCDE,العصب الوجهي.,
1106,Y1,Anatomy,Anatomy,يروي المساريقي العلوي:,ماذا يروي المساريقي العلوي؟,الأمعاء الدقيقة,المعدة,المرئ,البريتوان,,,A,ABCD,الأمعاء الدقيقة,
1123,Y1,Anatomy,Anatomy,المنطقة الأعمق من قشر الكظر :,ما هي المنطقة الأعمق من قشر الكظر؟,المنطقة الكبيبية,المنطقة الحزمية,المنطقة الشبكية,كل ما سبق خطأ,,,C,ABCD,المنطقة الشبكية,
1126,Y1,Anatomy,Anatomy,- الثقبة الفقرية كبيرة ومثلثية الشكل في:,ما هي الفقرة التي تحتوي على ثقبة فقرية كبيرة ومثلثية الشكل؟,الفقرة الرقبية,الفقرة الصدرية,الفقرة الصدرية,الفقرة القطنية,,,A,ABCD,الفقرة الرقبية,
1127,Y1,Anatomy,Anatomy,لون قشر الكظر :,ما هو لون قشر الكظر؟,بني غامق,أبيض,مائل للصفرة,رمادي,,,C,ABCD,مائل للصفرة,
1130,Y1,Anatomy,Anatomy,نسيج ضام ليفي يرتكز حول السطوح المفصلية:,ما هو النسيج الضام الليفي الذي يرتكز حول السطوح المفصلية؟,المحفظة المفصلية,الأربطة,السطوح المفصلية,العضلات,,,A,ABCD,المحفظة المفصلية,
1137,Y1,Anatomy,Anatomy,عدد شدف النخاع الشوكي:,كم عدد شدف النخاع الشوكي؟,31,31 شفعًا,12,15,,,A,ABCD,31,
1151,Y2,Anatomy,Anatomy,يكون التصريف اللمفى للثلث للسان مباشرة الى:,ما هو التصريف اللمفاوي للثلث الخلفي للسان؟,القعد التكفيه,العقد تحت الفكيه,العقد اللثويه,العقد الحنكية,العقد الرقبيه العميقه,,E,ABCDE,العقد الرقبيه العميقه,
1153,Y2,Histology,Anatomy,تقوم بإفراز الميلاتونين:,ما هي الغدة التي تقوم بإفراز الميلاتونين؟,الخلايا الكوكبية.,الخلايا الدبقية.,الخاليا الصنوبرية.,a+c,,,C,ABCD,الخاليا الصنوبرية.,
1156,Y1,Anatomy,Anatomy,. الشريان الذي له انطباعات على الوجه الداخلي للعظم الصدغي هو فرع من الشريان,ما هو الشريان الذي له انطباعات على الوجه الداخلي للعظم الصدغي وهو فرع من أي شريان؟,الفكي,السباتي الداخلي,السباتي الخراجي,الصدغي السطحي,,,A,ABCD,الفكي,
1160,Y1,Anatomy,Anatomy,التصنيف الذي يمكننا من معرفة العضلات التي تشارك في كل مرحلة مفصلية وتطبيق ذلك أثناء الفحص هو تصنيف :,ما هو التصنيف الذي يمكننا من معرفة العضلات التي تشارك في كل مرحلة مفصلية وتطبيق ذلك أثناء الفحص؟,وظيفي.,جنيني.,التوضع.,الشكل.,,,A,ABCD,وظيفي.,
1162,Y1,Anatomy,Anatomy,الشرايين التي تسير بين الفصوص بإتجاه القشرة على كل جانب من جانبي الهرم الكلوي :,ما هي الشرايين التي تسير بين الفصوص بإتجاه القشرة على كل جانب من جانبي الهرم الكلوي؟,الشرايين الفصية,الشرايين بين الفصوص,الشرايين المقوسة,الشرايين بين الفصيصات,,,B,ABCD,الشرايين بين الفصوص,
1200,Y4,Anesthesia,Anesthesia,الدواء الأمثل لبدء التخدير لمريض مصاب بنزف حاد هو,ما هو الدواء الأمثل لبدء التخدير لمريض مصاب بنزف حاد؟,بروبوفول,ثيوبنتال,ميثو كيزيتال,دروبيريدول,كيتامين,,E,ABCDE,كيتامين,
1205,Y4,Anesthesia,Anesthesia,يتميز المخدر التالي بالمباشرة والصحو السريعين,ما هو المخدر الذي يتميز بالمباشرة والصحو السريعين؟,النايتروس اوكسايد,الهالوثان,الايزوفلوران,السيفوفلوران,الديسفلوران,,E,ABCDE,الديسفلوران,
1211,Y4,Anesthesia,Anesthesia,الدواء الأمثل لبدء التخدير لمريض مصاب بنزف رضي حاد:,ما هو الدواء الأمثل لبدء التخدير لمريض مصاب بنزف رضي حاد؟,بروبوفول,ثيوبنتال,كيتامين,ميثوهيكزيتال,دروبيريدول,,C,ABCDE,كيتامين,
1219,Y4,Anesthesia,Anesthesia,المرخي العضلي الأمثل لتسهيل تنبيب مريض ذي خطورة عالية للاستنشاق هو,ما هو المرخي العضلي الأمثل لتسهيل تنبيب مريض ذي خطورة عالية للاستنشاق؟,السوكسنيل كولين,ألراكوريوم,سيسأتراكوريوم,بانكورونيوم,البيكورونيوم,,A,ABCDE,السوكسنيل كولين,
1222,Y3,Anesthesia,Anesthesia,إن الترياق المناسب للتسمم بالمورفين هو:,ما هو الترياق المناسب للتسمم بالمورفين؟,A. النالوكسون,B. N استيل سيستين,C. فلومازينيل,D. الفحم الفعال,E. ميركابتوبيورين,,A,ABCDE,A. النالوكسون,
1270,Y4,Anesthesia,Anesthesia,أعطي المريض جرعة من الكيتامين ولقد بقيت عيناه مفتوحتين مع رأرأة خفيفة وحركات غير هادفة أن ما سبق يشير:,ما الذي يشير إليه بقاء عيني المريض مفتوحتين مع رأرأة خفيفة وحركات غير هادفة بعد إعطائه جرعة من الكيتامين؟,أن الجرعة غير كافية,يجب إعطاء المزيد من الكيتامين إيقاف تلك الحركات,أن الجرعة مفرطة,ان المريض يعاني من الاختلاجات,أن الجرعة السابقة مركنة ومخدرة,,E,ABCDE,أن الجرعة السابقة مركنة ومخدرة,فيما يتعلق بالجرعة، ما الذي يشير إليه بقاء عيني المريض مفتوحتين مع رأرأة خفيفة وحركات غير هادفة بعد إعطائه جرعة من الكيتامين؟
1273,Y4,Anesthesia,Anesthesia,قبل مريض في المستشفى إلجراء عملية إسعافية حيث وجد لدى المريض أنه يعاني من قصور كلوي ما الدواء المنتخب والرخاء العضلي والتنبيه:,ما هو الدواء المنتخب للإرخاء العضلي والتنبيب لمريض يعاني من قصور كلوي ويحتاج لعملية إسعافية؟,سكسونيل كولين,بانكورونيوم,اتراكوريوم,بانكورونيوم,روكرونيوم,,C,ABCDE,اتراكوريوم,
1275,Y3,Anesthesia,Anesthesia,مريض سيخضع جراحي اسعافي ويعاني من قصور كلوي يفضل استعمال المرخي العضلي التالي:,ما هو المرخي العضلي المفضل استعماله لمريض سيخضع لجراحة إسعافية ويعاني من قصور كلوي؟,A. بانكورانيوم,B. أتراكوريوم,C. بيبيكورونيوم,D. ميفاكوريوم,E. دوكساكوريوم,,B,ABCDE,B. أتراكوريوم,
1296,Y2,Biochemistry,Biochemistry,الببسين يفكك:,ماذا يفكك الببسين؟,الدسم,البروتين,السكريات,الغليسرين,,,B,ABCDE,البروتين,
1309,Y1,Biochemistry,Biochemistry,يمكن ان تفاعل جزيئات الاتن مع بعضها تحت ظروف معنية لتشكل البولي اتن (متعدد اتن) ما التعبير الصحيح لوصف جزيئات الاتن في هذا التفاعل:,ما التعبير الصحيح لوصف جزيئات الإيثين في تفاعل تشكيل البولي إيثين؟,مونوميرات (موحودات),كربوكاتيون,نكليوفيلات,جذور حرة,,,A,ABCD,مونوميرات (موحودات),
1351,Y2,Biochemistry,Biochemistry,عوز إنزيم البيروفات كيناز يسبب:,ماذا يسبب عوز إنزيم البيروفات كيناز؟,فقر دم انحلالي,قصور قلب,فقر دم بنقص الحديد,قصور كلية,,,A,ABCD,فقر دم انحلالي,
1354,Y1,Biochemistry,Biochemistry,يمكن ان يتفاعل الكلور مع البروبان في ضوء الشمس لانتاج-1 كلورو بروبان ماذا ندعو هذه الالية:,ماذا ندعو آلية تفاعل الكلور مع البروبان في ضوء الشمس لإنتاج 1-كلورو بروبان؟,إضافة نكليوفيلية,استبدال الجذور الحرة,اضفة الكتروفيلية,استبدال الكتروفيلي,,,B,ABCD,استبدال الجذور الحرة,
1356,Y2,Biochemistry,Biochemistry,اسطوانات منحنية، تكون سهلة التمييز المحتواها الكاسر للضوء:,ما هي الاسطوانات المنحنية التي تكون سهلة التمييز لمحتواها الكاسر للضوء؟,هيالينية,شمعية,حبيبية,دهنية,,,B,ABCD,شمعية,
1359,Y2,Biochemistry,Biochemistry,من الحموض الأمينية (المشحونة سلبا):,ما هي الحموض الأمينية المشحونة سلبياً؟,أرجنين,اسباريتك,ألانين,غليسين,,,B,ABCD,اسباريتك,
1362,Y2,Biochemistry,Biochemistry,عوز فيتامين البيوتين:,ما هي أعراض عوز فيتامين البيوتين؟,سببه تناول الذرة بكميات كبيرة.,من أعراضه الشعرانية.,من أعراضه التهاب اللسان.,من أعراضه التخلف العقلي.,,,D,ABCD,من أعراضه التخلف العقلي.,
1363,Y2,Biochemistry,Biochemistry,من مفرزات الصفراء:,ما هي مفرزات الصفراء؟,تناول أطعمة تحتوي على الكريما.,هرمون كولي سيتوكينين.,الأملاح الصفراوية.,تناول أطعمة تحتوي على صفار البيض.,,,C,ABCD,الأملاح الصفراوية.,
1366,Y1,Biochemistry,Biochemistry,شجرة وراثية لخلة متنحية جسدية فيها الأبوين مصابين تتميز ب:,ما هي خصائص الشجرة الوراثية لخلة متنحية جسدية فيها الأبوين مصابين؟,لا يظهر مطلقاً على الأبناء بسبب التنحي,كل الأبناء مصابين,سيطرة الذكور المصابين,يظهر الاضطراب على طراز أفقي في الشجرة,,,B,ABCD,كل الأبناء مصابين,
1369,Y1,Biochemistry,Biochemistry,سم النواتج المتشكلة عند تفاعل معدن الصوديوم مع الاتانول؟,ما هي النواتج المتشكلة عند تفاعل معدن الصوديوم مع الإيثانول؟,اوكسيد الصوديوم وهيدروجين,أوكسيد الصوديوم وايتلن,هدروكسيد الصوديوم وايتلن,ميتوكسيد الصوديوم والماء,,,A,ABCD,اوكسيد الصوديوم وهيدروجين,
1370,Y1,Biochemistry,Biochemistry,في أنزيم RNA Polymerase :,ما هي خصائص أنزيم RNA Polymerase؟,يشكل الروابط التكافؤية الإستيرية.,يتألف من عدة وحيدات subunit.,يرتبط مع المحضض.,يركب ال RNA من الاتجاه 3 إلى5.,لا يحتاج إلى بادي (مشرع ).,,A,ABCDE,يشكل الروابط التكافؤية الإستيرية.,
1372,Y1,Biochemistry,Biochemistry,في جزيء DNA النكليوتيد :,ما هو النكليوتيد في جزيء DNA؟,يمكن أنيرتبط به أكثر من مجموعة فوسفات واحدة.,يرتبط الأساس الازوتي بالكربون رقم 1.,ترتبط مجموعة الفوسفات بالكربون رقم رقم 5.,يكون نقص الأكسجين في الكربون رقم 2.,يكون نقص الأكسجين في الكربون رقم 3.,,A,ABCDE,يمكن أنيرتبط به أكثر من مجموعة فوسفات واحدة.,
1374,Y2,Biochemistry,Biochemistry,فيتامين البيوتين:,ما هو فيتامين البيوتين؟,يعتبر حامل عابر لزوج من ذرات الهيدروجين,يصنع من قبل الجراثيم المعوية,له دور أساسي في تفاعلات تحلل السكر,سبب عوز هو تناول السمك النئ,,,B,ABCDE,يصنع من قبل الجراثيم المعوية,
1375,Y2,Biochemistry,Biochemistry,حالة عدم تحمل اللاكتوز:,ما هي حالة عدم تحمل اللاكتوز؟,قد تسبب تخلف عقلي لدى المصاب,من أسبابها الإسهالات الشديدة,سببها عوز انزيم غالاكتوز -1- فوسفات يوريديل ترانسفراز,تظهر عند الرضع فقط,,,B,ABCDE,من أسبابها الإسهالات الشديدة,
1403,Y1,Biochemistry,Biochemistry,سم الاستر المتشكل عندما يتفاعل الميتانول مع حمض البوتانوئيك بوجود بضع قطرات من حمض الكبريت المركز:,ما هو اسم الاستر المتشكل عندما يتفاعل الميتانول مع حمض البوتانوئيك بوجود بضع قطرات من حمض الكبريت المركز؟,ميتانوات البوتيل,بوتانوات الميتيل,2-بوتانوات الميتيل البروبيل,2- ميتانوات الميتيل البروبيل,,,B,ABCD,بوتانوات الميتيل,
1437,Y2,Biochemistry,Biochemistry,تحدث الوفاة لدى مرض التلاسيميا بسبب:,ما هو سبب الوفاة لدى مرض التلاسيميا؟,انحلال الدم,تراكم الخضاب الجيني,تراكم الحديد,الندب الألمية الشديدة والمتكررة,,,C,ABCD,تراكم الحديد,
1454,Y1,Biochemistry,Biochemistry,الكروماتين المغاير موجود في الصبغيات:,ما هي الصبغيات التي يوجد فيها الكروماتين المغاير؟,1,10,2,18,,,A,ABCD,1,
1460,Y2,Biochemistry,Biochemistry,يؤدي التأخر في فصل البلازما أو المصل من الكريات إلى نقص:,ما المركب الذي ينقص منه نتيجة التأخر في فصل البلازما أو المصل من الكريات في الدم؟,الكولسترول.,حمض البول.,البوتاسيوم.,الغلوكوز.,,,D,ABCD,الغلوكوز.,ما المركب الذي ينقص منه نتيجة التأخر في فصل البلازما أو المصل من الكريات في الدم؟
1503,Y2,Biochemistry,Biochemistry,يستخدم كزمرة ملحقة لجميع الإنزيمات الناقلة الزمرة الأمين:,ما هو المركب الذي يستخدم كزمرة ملحقة لجميع الإنزيمات الناقلة الزمرة الأمين؟,الثيامين بيروفوسفات,البيوستين,البيرودوكسال فوسفات,NADH,,,C,ABCDE,البيرودوكسال فوسفات,
1508,Y2,Biochemistry,Biochemistry,العلاج الثاني لمرض التلاسيميا بيتا:,ما هو العلاج الثاني لمرض الثلاسيميا بيتا؟,زرع كبد,تناول الحديد فمويا,استئصال الطحال,زرع نقي عظام,,,D,ABCD,زرع نقي عظام,
1554,Y2,Biochemistry,Biochemistry,يوجد فرط شديد في بيليروبين المصل غير المرتبط وعوز جزئي: UDPGT,ما هو الاضطراب الذي يتميز بفرط شديد في بيليروبين المصل غير المرتبط وعوز جزئي في UDPGT؟,دوبن جونسن,روتر,كريجلر نجار,جيلبرت,,,C,ABCD,كريجلر نجار,
1577,Y2,Biochemistry,Biochemistry,تحدث الوفاة لدى مرضى التلاسيميا بسبب:,ما هو سبب الوفاة لدى مرضى التلاسيميا؟,انحلال الدم,تراكم الخضاب الجنيني,تراكم الحديد,النوب الألمية الشديدة جدا والمتكررة,,,C,ABCDE,تراكم الحديد,
1581,Y2,Biochemistry,Biochemistry,يسبب عوز الثيامين الشديد:,ماذا يسبب عوز الثيامين الشديد؟,داء البلاغرا,فقر الدم ضخم الأرومات,العشى الليلي,البري بري,,,D,ABCDE,البري بري,
1591,Y1,Biochemistry,Biochemistry,يبلغ عدد الجينات التي تشفر لجزيئات الرنا الأصغري miRANS في مجين الإنسان:,كم يبلغ عدد الجينات التي تشفر لجزيئات الرنا الأصغري miRNAs في مجين الإنسان؟,50 جين.,100 جين.,125,200,,,C,ABCD,125,
1600,Y2,Biochemistry,Biochemistry,يتم اصطناع الدقائق الكيلوسية في:,أين يتم اصطناع الدقائق الكيلوسية؟,الكبد,الدماغ,الطحال,الأمعاء,,,D,ABCDE,الأمعاء,
1616,Y1,Biochemistry,Biochemistry,يتم ربط شدف أوكازاكي بوساطة,ما هو الإنزيم الذي يتم بوساطته ربط شدف أوكازاكي؟,دنا بوليميرازا,أنزيم الليغاز,Primase أنزيم,كل ما سبق خطأ,,,B,ABCD,أنزيم الليغاز,
1617,Y2,Biochemistry,Biochemistry,أكثر الأنزيمات فعالية تحفيزية في جسم الانسان هو انزيم:,ما هو أكثر الأنزيمات فعالية تحفيزية في جسم الإنسان؟,بيروفات ديهيدروجيناز,كاربونيك انهيدراز.,بيروفات كيناز.,الدولاز.,,,B,ABCD,كاربونيك انهيدراز.,
1619,Y2,Biochemistry,Biochemistry,الشكل الفعال لفيتامين B6 هو:,ما هو الشكل الفعال لفيتامين B6؟,البيريدوكسين,البيريدوكسال,البيريدوكسال فوسفات,البيريدوكسامين,,,C,ABCDE,البيريدوكسال فوسفات,
1669,Y1,Genetics,Cell and Molecular Biology,الموقع الطبيعي للجين الورمي ABL :,ما هو الموقع الطبيعي للجين الورمي ABL؟,22q11,9q34,13q1,Bq24,,,B,ABCD,9q34,
1694,Y1,Cell Biology,Cell and Molecular Biology,عدد طبقات الفوسفولبيد في المذيلة,كم عدد طبقات الفوسفولبيد في المذيلة؟,1,2,3,4,,,C,ABCD,3,
1695,Y1,Cell Biology,Cell and Molecular Biology,يدخل الكولاجين 4 في تركيب,ما هو التركيب الذي يدخل فيه الكولاجين 4؟,الأجهزة الموصلة .,الغشاء القاعدي .,الأنابيب الدقيقة .,الأهداب الحقيقية .,,,B,ABCD,الغشاء القاعدي .,
1696,Y1,Genetics,Cell and Molecular Biology,تؤدي استلة الهيستونات الى:,ما الذي تؤدي إليه استلة الهيستونات؟,تفعيل الانتساخ.,تثبيط التنسخ.,زيادة رزم الجسيمات النووية.,اعاقة ارتباط عوامل الانتساخ.,,,A,ABCD,تفعيل الانتساخ.,
1707,Y1,Genetics,Cell and Molecular Biology,تتميز شجرة النسب الحاوية على حالة وراثة متعلقة بالمتقدرات و الام فقط فيها مصابة ب:,ما هي الخصائص التي تتميز بها شجرة النسب الحاوية على حالة وراثة متعلقة بالمتقدرات والأم فقط فيها مصابة؟,الذكور دون الإناث مصابون.,الإناث دون الذكور مصابون.,كل الأولاد مصابون.,كل الاولاد سليمون.,,,C,ABCD,كل الأولاد مصابون.,
1715,Y1,Genetics,Cell and Molecular Biology,تتم أستلة الهستونات للحمض الأميني:,ما هو الحمض الأميني الذي تتم أستلة الهستونات له؟,الليزين,الأرجينين,اللوسين,السيرين,,,C,ABCD,اللوسين,
1740,Y1,Cell Biology,Cell and Molecular Biology,تتألف الفوسفولبيدات من حمضين دسمين والفوسفات و:,ما هي المكونات التي تتألف منها الفوسفولبيدات بالإضافة إلى حمضين دسمين والفوسفات؟,الكوليسترول .,الكولين .,السيفنغوميلين .,الغليسرول .,,,D,ABCD,الغليسرول .,
1741,Y1,Genetics,Cell and Molecular Biology,وظيفة الوحيدة سيغما في انزيم بوليمراز RNA البكتيري:,ما هي الوظيفة الوحيدة لسيغما في إنزيم بوليمراز RNA البكتيري؟,إطالة سلسلة ال RNA.,إنهاء عملية اصطناع ال RNA.,فك طاقي ال DNA.,التعرف على المحضض.,,,D,ABCD,التعرف على المحضض.,
1746,Y1,Cell Biology,Cell and Molecular Biology,يعتمد ضبط النظام الخلوي الجذعي على إشارات جزئية تتبادل بين,ما هي الأجزاء التي تتبادل بينها الإشارات الجزيئية التي يعتمد عليها ضبط النظام الخلوي الجذعي؟,الخلايا الجذعية وذريتها .,الخلايا الجذعية والنسج المحيطة .,الخلايا الجذعية وذريتها والنسج المحيطة .,تعتمد على نفسها فقط .,,,C,ABCD,الخلايا الجذعية وذريتها والنسج المحيطة .,
1755,Y1,Cell Biology,Cell and Molecular Biology,تدعى البروتينات المشكلة لمعقدات الثقوب النووية,ما تدعى البروتينات المشكلة لمعقدات الثقوب النووية؟,اللامين .,الكاريوفبرينات .,الامبورتين .,النكليوبورين .,,,D,ABCD,النكليوبورين .,
1756,Y1,Genetics,Cell and Molecular Biology,تزال المتقدرات الحاوية على طفرات بالية:,كيف تتم إزالة المتقدرات الحاوية على طفرات بالية؟,المتقطعة الأنزيمات.,الجيني الاختناق.,التفارز المستقل,التضفير.,,,B,ABCD,الجيني الاختناق.,
1760,Y1,Genetics,Cell and Molecular Biology,عامل الإطلاق في حقيقيات النوى :,ما هو عامل الإطلاق في حقيقيات النوى؟,RF1,eRF,RF2,Eif,,,C,ABCD,RF2,
1818,Y1,Genetics,Cell and Molecular Biology,ترتبط سلسلتا عديدي النكليوتيد مع بعضهما البعض بواسطة روابط:,ما هي الروابط التي تربط سلسلتي عديدي النكليوتيد مع بعضهما البعض؟,فوسفورية.,فوسفودي استر.,هيدروجينية.,غليكوزيدية,,,C,ABCD,هيدروجينية.,
1823,Y1,Genetics,Cell and Molecular Biology,شجرة وراثية لخلة متنحية فيها الأبوين مصابين تتميز ب:,ما هي خصائص الشجرة الوراثية لخلة متنحية فيها الأبوين مصابين؟,الذكور فقط مصابين.,الإناث فقط مصابين.,كل الابناء سليمين.,كل الأبناء مصابين.,,,D,ABCD,كل الأبناء مصابين.,
1851,Y1,Cell Biology,Cell and Molecular Biology,أكبر مستوى من المستويات التراتبية للحياة :,ما هو أكبر مستوى من المستويات التراتبية للحياة؟,الجمهرة .,المنظومة البيئية .,الكرة الحيوية .,المجتمع .,,,B,ABCD,المنظومة البيئية .,
1861,Y1,Genetics,Cell and Molecular Biology,تبدأ جميع عديدات الببتيد في بدائيات النوى ب:,ما هو الحمض الأميني الذي تبدأ به جميع عديدات الببتيد في بدائيات النوى؟,الميثيونين غير المعدل.,المعدل الميثيونين.,المعدل غير الثريونين.,المعدل الثريونين.,,,B,ABCD,المعدل الميثيونين.,
1862,Y1,Genetics,Cell and Molecular Biology,يدل تقدير نسبة تنوع النمط الظاهري لخلة ما بسبب الاختلافات الجينية على :,ما الذي يدل عليه تقدير نسبة تنوع النمط الظاهري لخلة ما بسبب الاختلافات الجينية؟,قابلية الانتقال بالوراثة.,الاختطار التجريبي,معدل الانتشار,معدل الوقوع,,,A,ABCD,قابلية الانتقال بالوراثة.,
1866,Y1,Cell Biology,Cell and Molecular Biology,الألية التي تضمن للخلية الجذعية استمرارها إلى ما لا نهاية,ما هي الآلية التي تضمن للخلية الجذعية استمرارها إلى ما لا نهاية؟,التمايز,تحولها إلى نهاية التمايز,التجديد الذاتي,كل ما سبق,,,C,ABCD,التجديد الذاتي,
1868,Y1,Genetics,Cell and Molecular Biology,نتج عن ترجمة أول جزيئ رنا مرسال صنعي فقط الحمض الأميني :,ما هو الحمض الأميني الذي نتج عن ترجمة أول جزيء رنا مرسال صنعي؟,البرولين,الفينيل ألانين,الهستيدين,الأسبارتين,,,C,ABCD,الهستيدين,
1869,Y1,Genetics,Cell and Molecular Biology,تقوم القلنسوة بحماية سلسلة الرنا من التدرك بإنزيمات :,ما هي الإنزيمات التي تقوم القلنسوة بحماية سلسلة الرنا من التدرك بها؟,النكلياز,الإندونكلياز,الليغاز,البريماز,,,C,ABCD,الليغاز,
1871,Y1,Genetics,Cell and Molecular Biology,يتشارك أقرباء من الدرجة الثانية مع المستلفت بـ :,ما هو مقدار المادة الوراثية التي يتشاركها أقرباء من الدرجة الثانية مع المستلفت؟,ربع مادتهم الوراثية,نصف مادتهم الوراثية,ثمن مادتهم الوراثية,سدس مادتهم الوراثية,,,D,ABCD,سدس مادتهم الوراثية,
1881,Y1,Cell Biology,Cell and Molecular Biology,يلتحم الغشاءان النوويان عند:,أين يلتحم الغشاءان النوويان؟,لمعة الغلاف النووي .,معدات الثقوب النووية .,الصفيحة النووية .,السلة النووية .,,,B,ABCD,معدات الثقوب النووية .,أين يلتحم الغشاءان النوويان؟
1903,Y1,Genetics,Cell and Molecular Biology,في حال إصابة أب بصفة تخضع لوراثة متنحية مرتبطة بالصبغي X :,ما هي النتائج المتوقعة في حال إصابة أب بصفة تخضع لوراثة متنحية مرتبطة بالصبغي X؟,ينقل الصفة فقط لأبنائه الذكور,لا ينقل الأب الصفة إلى الأولاد,ينقل الصفة لجميع أولاده الذكور والإناث,ينقل الصفة فقط لبناته,,,D,ABCD,ينقل الصفة فقط لبناته,
1923,Y1,Cell Biology,Cell and Molecular Biology,المتقدرات والصانعات ظهرتا بإدخال جراثيم داخل الخلايا نقوم بالفسفرة والتركيب الضوئي,ما هي النظرية التي تفسر ظهور المتقدرات والصانعات بإدخال جراثيم داخل الخلايا تقوم بالفسفرة والتركيب الضوئي؟,فرضية التعايش الداخلي,فرضية الاصطفاء الطبيعي,فرضية الموت الذاتي,قانون الترموديناميك الثاني,,,A,ABCD,فرضية التعايش الداخلي,
1933,Y1,Genetics,Cell and Molecular Biology,يسبب وجود الألائل السائد في الأنماط الجينية المختلفة التالية RRYY و RrYy و RRYy و RrYY :,ماذا يسبب وجود الألائل السائد في الأنماط الجينية المختلفة التالية RRYY و RrYy و RRYy و RrYY؟,نمط ظاهري جديد,نمط ظاهري وحيد,نمط ظاهري مختلف,نمط ظاهري غريب,,,A,ABCD,نمط ظاهري جديد,
1950,Y1,Cell Biology,Cell and Molecular Biology,اكبر نسبة للبروتينات في اغشية خلايا الجسم توجد في :,ما هو المكان الذي توجد فيه أكبر نسبة للبروتينات في أغشية خلايا الجسم؟,الغشاء الخلوي للمتقدرة .,الغشاء الخلوي للصانعات الخضراء .,الشبكة السيتوبلاسمية الداخلية.,الجسيمات المفككة للبروتينات.,,,B,ABCD,الغشاء الخلوي للصانعات الخضراء .,
1951,Y1,Genetics,Cell and Molecular Biology,المسؤول عن إزالة مشراعالرنا قرب انتهاء تنسخ الدنا واستبدالها بنكليوتيدات الدنا:,ما هو المسؤول عن إزالة مشراع الرنا قرب انتهاء تنسخ الدنا واستبدالها بنكليوتيدات الدنا؟,بوليميراز الدنا من النمط الأول,بوليميراز الدنا من النمط الثاني,بوليميراز الدنا من النمط الثالث,بوليميراز الدنا من النمط الثاني,,,A,ABCD,بوليميراز الدنا من النمط الأول,
1953,Y1,Cell Biology,Cell and Molecular Biology,ترتبط الصبيغيات الشقيقة على انيبيبات مغزل الانقسام بواسطة,ما الذي ترتبط به الصبيغيات الشقيقة على أنيبيبات مغزل الانقسام؟,القسيم المركزي .,الجسيم المركزي .,الجسيم الحركي .,النجيماء .,,,C,ABCD,الجسيم الحركي .,
1985,Y1,Genetics,Cell and Molecular Biology,تتميز شجرة النسب الحاوية على حالة وراثة متعلقة بالمتقدرات وإلام فقط فيها مصابة:,ما المميز بشجرة النسب الحاوية على حالة وراثة متعلقة بالمتقدرات والتي تكون فيها الأم فقط مصابة؟,الذكور دون الإناث مصابون.,الإناث دون الذكور مصابات.,الاولاد كلهم مصابون.,الأولاد كلهم سليمين.,,,C,ABCD,الاولاد كلهم مصابون.,
1989,Y1,Genetics,Cell and Molecular Biology,تختلف الانترونات عن الاكسونات ب:,ما هو الاختلاف بين الانترونات والاكسونات؟,تركيبها الكيميائي.,عدم انتساخها.,ترتيب الروامز فيها.,لا تترجم إلى بروتين.,,,D,ABCD,لا تترجم إلى بروتين.,
1991,Y1,Genetics,Cell and Molecular Biology,تمثل الخطوط الأفقية التي ترسم أعلي الدوائر و المربعات في شجرة النسب:,ما الذي تمثله الخطوط الأفقية التي ترسم أعلى الدوائر والمربعات في شجرة النسب؟,الأشقاء لوالدين,الأزواج الأقارب,التواءم,ليس أيآ مما سبق,,,C,ABCD,التواءم,
1998,Y1,Genetics,Cell and Molecular Biology,يعبر مصطلح الهيولي المتغايرة عن الخلايا التي تحتوي على:,علام تحتوي الخلايا التي يعبر عنها مصطلح الهيولي المتغايرة؟ ,متقدرات سليمة وطافرة,متقدرات طافرة,متقدرات سليمة,كل ما سبق خطأ,,,A,ABCD,متقدرات سليمة وطافرة,علام تحتوي الخلايا التي يعبر عنها مصطلح الهيولي المتغايرة؟ 
2001,Y1,Genetics,Cell and Molecular Biology,يمكن تمييز الصبغيات بعضها عن بعض عن طريق:,ما هي الطرق التي يمكن من خلالها تمييز الصبغيات بعضها عن بعض؟,النمط الوراثي,النمط النووي,النمط الجيني,النمط الوظيفي,,,C,ABCD,النمط الجيني,
2006,Y1,Cell Biology,Cell and Molecular Biology,تختزن الطاقة الكامنة في مدروج للشحنات الكهربائية، يعبر عنها,ما هو التعبير الذي يُستخدم للطاقة الكامنة المختزنة في مدروج للشحنات الكهربائية؟,بالكمون الكهربائي.,بالمدروج الكيميائي الكهربائي.,بالمدروج الكيميائي.,بالأنتروبية.,,,A,ABCD,بالكمون الكهربائي.,
2010,Y1,Cell Biology,Cell and Molecular Biology,تتشكل الأرجل الصفائحية من,ما الذي تتشكل منه الأرجل الصفائحية؟,الأكتين.,الميوزين .,التوبيولين .,ألياف متوسطة .,,,A,ABCD,الأكتين.,
2022,Y1,Cell Biology,Cell and Molecular Biology,الرابطة في البنية الثانوية للحمض النووي,ما هي الرابطة في البنية الثانوية للحمض النووي؟,استيرية,هيدروجينية,سكرية,بيبتيدية,,,B,ABCD,هيدروجينية,
2025,Y1,Genetics,Cell and Molecular Biology,تعد جينات الرنا الريباسي من الجينات :,ما نوع الجينات التي تعد جينات الرنا الريباسي منها؟,الخدمية.,المتغايرة.,محرضة التعبير.,كظومة التعبير.,,,A,ABCD,الخدمية.,
2039,Y1,Genetics,Cell and Molecular Biology,إذا حدث تأشيب في 80 انقسام فإن عدد الصبغيات المأشوبة:,ما هو عدد الصبغيات المأشوبة إذا حدث تأشيب في 80 انقسام؟,320,240,480,160,,,A,ABCD,320,
2045,Y1,Cell Biology,Cell and Molecular Biology,تكوين متعضية تشبه الأبوين من بيضة مخصبة يتم ب,ما هي العملية التي يتم بها تكوين متعضية تشبه الأبوين من بيضة مخصبة؟,التنامي الجنيني,حادثة النمو فقط,النضج الجنسي أولاً,لا شيء مما سبق,,,A,ABCD,التنامي الجنيني,
2055,Y1,Genetics,Cell and Molecular Biology,في الوراثة الجنسية المناحية يظهر الاحلال الوراثي:,على من يظهر الاحلال الوراثي في الوراثة الجنسية المناحية؟,على الذكور فقط من الأبناء,على الإناث فقط من الأبناء,على الذكور والإناث من الأبناء,لا يظهر مطلقا على الابناء بسبب *,,,C,ABCD,على الذكور والإناث من الأبناء,على من يظهر الاحلال الوراثي في الوراثة الجنسية المناحية؟
2058,Y1,Cell Biology,Cell and Molecular Biology,المجهر الذي يدرس السطح الطبوغرافي,ما هو المجهر الذي يدرس السطح الطبوغرافي؟,مجهر القوة الذرية .,مجهر المستقطب .,مجهر متحد البؤر .,مجهر الإلكتروني .,,,A,ABCD,مجهر القوة الذرية .,
2068,Y1,Cell Biology,Cell and Molecular Biology,بنى سيتويلازمية مغلفة بغشاء واحد على الأقل,ما هي البنى السيتوبلازمية المغلفة بغشاء واحد على الأقل؟,الريبوزومات,العضبيات,الهيكل الخلوي,الجسيمات الحالة للبروتينات,,,B,ABCD,العضبيات,
2078,Y1,Genetics,Cell and Molecular Biology,تتميز شجرة النسب الحاوية على حالة وراثة متعلقة بالمتقدرات والوالدين فيها مصابين:,ما هي خصائص شجرة النسب الحاوية على حالة وراثة متعلقة بالمتقدرات والوالدين فيها مصابين؟,الذكور دون الإناث مصابين.,الإناث دون الذكور مصابات.,الأولاد كلهم مصابون.,الأولاد كلهم سليمون.,,,C,ABCD,الأولاد كلهم مصابون.,
2088,Y1,Cell Biology,Cell and Molecular Biology,تختلف الأحماض الأمينية عن بعضها ب,ما الذي تختلف به الأحماض الأمينية عن بعضها؟,المجموعة الأمينية,المجموعة الكربوكسيلية,الجذر R المتغاير,لا شيء مما سبق,,,B,ABCD,المجموعة الكربوكسيلية,
2090,Y1,Genetics,Cell and Molecular Biology,في شجرة الوراثة مربع صفير مملوء فهو يشير إلي:,ما الذي يشير إليه المربع الصغير المملوء في شجرة الوراثة؟,طفل مصاب مات في مرحلة مبكرة,طفلة مصابة ماتت في مرحلة مبكرة,طفل مصاب,طفلة مصابة,,,C,ABCD,طفل مصاب,
2103,Y1,Genetics,Cell and Molecular Biology,تحدث التلاسيميا بيتا نتيجة:,ما هو سبب حدوث التلاسيميا بيتا؟,خلة جسدية سائدة.,خلة جسدية متنحية.,خلة مكتسبة سائدة.,خلة مكتسبة متنحية.,,,B,ABCD,خلة جسدية متنحية.,
2105,Y1,Genetics,Cell and Molecular Biology,في مشغل التيربتوفان وجود التربتوفان يؤدي ل,ماذا يؤدي وجود التربتوفان في مشغل التيربتوفان؟,تثبيط انتساخ الجينات,يحفز انتساخ الجينات,يشكل معزاز للانتساخ,كلها خاطئة,,,A,ABCD,تثبيط انتساخ الجينات,
2115,Y1,Cell Biology,Cell and Molecular Biology,تساعد حلقة الأكتين المتقلصة على:,ما الذي تساعد عليه حلقة الأكتين المتقلصة؟,انقسام السيتوبلازما,انقسام النواة,انقسام العضيات,لا شيء مما سبق,,,B,ABCD,انقسام النواة,
2121,Y1,Genetics,Cell and Molecular Biology,يدل المعين في شجرة النسب علي:,ما الذي يدل عليه المعين في شجرة النسب؟,الفرد مات في مرحلة مبكرة,جنس الفرد غير محدد,توءمي الزيجوت الواحدة,الفرد الذي بدأت عنده الدراسة,,,A,ABCD,الفرد مات في مرحلة مبكرة,
2123,Y1,Genetics,Cell and Molecular Biology,يحتوي Genome E.Coli على ...... جينات مسؤولة عن الاصطناع الحيوي للحمض الأميني التربتوفان:,كم عدد الجينات المسؤولة عن الاصطناع الحيوي للحمض الأميني التربتوفان في جينوم بكتيريا E.Coli؟,3,4,5,6,,,D,ABCD,6,
2125,Y1,Cell Biology,Cell and Molecular Biology,حويصلات كوب ٢ مسؤولة عن:,ما هي وظيفة حويصلات كوب ٢؟,النقل المنظم والاساسي للمواد اثناء الايماس .,النقل التقدمى من الشبكة البلازمية الى مدخل غولجي فقط .,A+B .,مسؤولة عن النقل التراجعى .,,,B,ABCD,النقل التقدمى من الشبكة البلازمية الى مدخل غولجي فقط .,
2138,Y1,Genetics,Cell and Molecular Biology,إذا كان انتشار مرض التالاسيميا في مجتمع (0000)، يكون معدل الحاملين في ذلك المجتمع:,ما هو معدل الحاملين في مجتمع إذا كان انتشار مرض التالاسيميا معروفاً في ذلك المجتمع؟,1000M,2000M,50M,500M,,,C,ABCD,50M,
2139,Y1,Cell Biology,Cell and Molecular Biology,تجري عملية photo synthesis في,أين تجري عملية التمثيل الضوئي؟,المتقدرات,الصائعات الخضراء,الريبوزومات,النواة,,,B,ABCD,الصائعات الخضراء,
2154,Y1,Cell Biology,Cell and Molecular Biology,عند انخفاض نسبة الكوليسترول في الغشاء الخلوي,ماذا يحدث عند انخفاض نسبة الكوليسترول في الغشاء الخلوي؟,تزداد سماكة الغشاء .,تقل سماكة الغشاء .,تزداد مرونة الغشاء.,تقل مرونة الغشاء .,,,C,ABCD,تزداد مرونة الغشاء.,
2166,Y1,Cell Biology,Cell and Molecular Biology,يتحد الغشاءان النوويان الداخلي والخارجي عند,أين يتحد الغشاءان النوويان الداخلي والخارجي؟,معقدات الثقوب النووية,بأماكن عشوائية,كل ما سبق صحيح,كل ما سبق غاط,,,A,ABCD,معقدات الثقوب النووية,
2167,Y1,Genetics,Cell and Molecular Biology,عدد القواعد الآزوتية اللازمة لإنتاج بروتين الأنسولين المكوّن من 51 حمض أمين إنتاج كامل ثم,كم عدد القواعد الآزوتية اللازمة لإنتاج بروتين الأنسولين المكوّن من 51 حمض أميني إنتاجاً كاملاً؟,51,54,156,153,,,D,ABCD,153,
2170,Y1,Cell Biology,Cell and Molecular Biology,ترسبات صباغية تحوي بروتين الفيرتين,ما هي الترسبات الصباغية التي تحوي بروتين الفيرتين؟,قطيرات دسمة,حبيبات غليكوجين,ترسبات صباغية,حبيبات هيمرسيدرين,,,D,ABCD,حبيبات هيمرسيدرين,
2179,Y1,Cell Biology,Cell and Molecular Biology,اول عنصر من عناصر الدراسة العلمية المنهجية :,ما هو أول عنصر من عناصر الدراسة العلمية المنهجية؟,الفرضية .,الملاحظة .,المناقشة والاستنتاج .,الاختبار والنتائج .,,,D,ABCD,الاختبار والنتائج .,
2181,Y1,Genetics,Cell and Molecular Biology,تشير النجمة بعد رمز الجين إلي :,ماذا تشير النجمة بعد رمز الجين؟,وجود أليل ما للجين,لترميز الجينات,لتحديد موقع الجينات,وجود أليل طبيعي لهذه الجين,,,B,ABCD,لترميز الجينات,
2191,Y1,Cell Biology,Cell and Molecular Biology,امتصاص بعض المواد الضوء بطول موجة ومن ثم إصداره بطول موجة أطول يعرف ب,ما يُعرف بامتصاص بعض المواد الضوء بطول موجة ومن ثم إصداره بطول موجة أطول؟,الاشعاع,التألق,الثانية,التماهي,,,B,ABCD,التألق,
2200,Y1,Cell Biology,Cell and Molecular Biology,نوع وترتيب الأحماض الأمينية البروتين يدعى,ما يُدعى نوع وترتيب الأحماض الأمينية في البروتين؟,البنية الأولية,البنية الثانوية,البنية الثالثية,البنية الرابعية,,,A,ABCD,البنية الأولية,
2202,Y1,Cell Biology,Cell and Molecular Biology,عند حدوث خلل في تنظيم السبيل الإشاري WNT ينتج,ماذا ينتج عند حدوث خلل في تنظيم السبيل الإشاري WNT؟,سرطان معدة,سرطان أمعاء,سرطان كبد,سرطان دماغ,,,B,ABCD,سرطان أمعاء,
2204,Y1,Cell Biology,Cell and Molecular Biology,ينتمي الإنسان الى شعبة :,ما هي الشعبة التي ينتمي إليها الإنسان؟,الحبليات .,الثدييات .,الرئيسات .,الحيوان .,,,B,ABCD,الثدييات .,
2216,Y1,Cell Biology,Cell and Molecular Biology,التكيف هو إحدى عواقب التطور نتيجة :,ما هي نتيجة التطور التي تؤدي إلى التكيف؟,التكاثر .,الاصطفاء الطبيعي .,النمو .,الاحتباس الحراري .,,,B,ABCD,الاصطفاء الطبيعي .,
2218,Y1,Genetics,Cell and Molecular Biology,تكثر جزر CpG في:,أين تكثر جزر CpG؟,الاكسونات.,النترونات.,المحضضات.,المنطقة الانتساخية.,,,C,ABCD,المحضضات.,
2222,Y1,Cell Biology,Cell and Molecular Biology,الأساس الأزوتي المتمم للتايمين في الرنا,ما هو الأساس الأزوتي المتمم للتايمين في الرنا؟,الأدنينن,اليوراسيل,السيتوزين,الغوانين,,,B,ABCD,اليوراسيل,
2224,Y1,Cell Biology,Cell and Molecular Biology,يبدأ انتساخ الجينات المرمزة للبروتينات بارتباط انزيم الرنا بوليميراز الى,ما هو الموقع الذي يبدأ فيه انتساخ الجينات المرمزة للبروتينات بارتباط انزيم الرنا بوليميراز؟,المعزز.,المطلق القريب .,المسكتات .,النكليوتيد رقم + 1 .,,,B,ABCD,المطلق القريب .,
2228,Y1,Genetics,Cell and Molecular Biology,تقع الجين المسؤولة عن الزمر الدموية عند البشر على:,أين تقع الجينات المسؤولة عن الزمر الدموية عند البشر؟,الصيغي 15,الصيغي 9,الصيغي 23,الصيغي 21,,,B,ABCD,الصيغي 9,
2232,Y1,Cell Biology,Cell and Molecular Biology,يعود الدور الرئيسي في تعرف جسيم التضفير مواقع التضفير الى :,ما هو الدور الرئيسي في تعرف جسيم التضفير مواقع التضفير؟,rRNAs.,rRNAs.,snRNA.,snRNPs.,,,D,ABCD,snRNPs.,
2236,Y1,Genetics,Cell and Molecular Biology,تظهر حالة ابيضاض الدم النقوي المزمن CML نتيجة إزفاء مبتادل بين الصبغيين:,ما هي الصبغيات التي يحدث بينها إزفاء متبادل في حالة ابيضاض الدم النقوي المزمن CML؟,9 و 17,9 و 22,13 و 22,9 و 11,,,D,ABCD,9 و 11,
2249,Y1,Genetics,Cell and Molecular Biology,في حال التفارز المستقل بين المورثتين A و B سيكون عدد الأنماط الظاهرية المختلفة في الجيل الثاني :,ما هو عدد الأنماط الظاهرية المختلفة في الجيل الثاني في حال التفارز المستقل بين المورثتين A و B؟,5,6,7,8,,,D,ABCD,8,
2250,Y1,Genetics,Cell and Molecular Biology,اذا كان الارتباط بين المورثتين A و B كامل فان عدد الأنماط الجينية في اعراس لفرد نتغاير ألالائل AB/ab سيكون:,ما هو عدد الأنماط الجينية في أعراس فرد متغاير الأليلات AB/ab إذا كان الارتباط بين المورثتين A و B كاملاً؟,1,2,3,4,,,B,ABCD,2,
2273,Y1,Genetics,Cell and Molecular Biology,يكون والدا الطفل المصاب حاملين متغايري الألائل عديمين الأمراض في الوراثة :,ما نوع الوراثة التي يكون فيها والدا الطفل المصاب حاملين متغايري الألائل عديمين الأمراض؟,الجسدية المتنحية,الجسدية السائدة,المرتبطة بالصبغي X السائدة,المرتبطة بالصبغي X المتنحية,,,A,ABCD,الجسدية المتنحية,
2274,Y1,Genetics,Cell and Molecular Biology,إذا عانى فرد متخالف الألائل من أعراض مرض وكان موضع الجين على الصبغي 5 يكون هذا المرض من نمط,ما هو نمط هذا المرض إذا عانى فرد متخالف الألائل من أعراض مرض وكان موضع الجين على الصبغي 5؟,مرتبط بـX متنحي,صبغي جسدي سائد,مرتبط بـ Y,صبغي جسدي متنحي,,,B,ABCD,صبغي جسدي سائد,
2281,Y1,Genetics,Cell and Molecular Biology,أم مصابة أنجبت ذكرًا مصابًا بالورم التليفي العصبي، تسأل عن اختطار المرض في الحمل التالي، علما أن زوجها سليم. الجواب هو:,ما هو خطر إصابة الطفل بالورم التليفي العصبي في الحمل التالي لأم مصابة أنجبت ذكرًا مصابًا بالمرض علمًا أن زوجها سليم؟,0,0.25,0.5,1,,,C,ABCD,0.5,ما هي نسبة خطر إصابة الطفل بالورم التليفي العصبي في الحمل التالي لأم مصابة أنجبت ذكرًا مصابًا بالمرض علمًا أن زوجها سليم؟
2282,Y1,Genetics,Cell and Molecular Biology,أنجب أبوان سليمان طفلان (ذكر وأنثى) مصابان بمرض استقلابي بدأت تظاهراته مبكرًا. الاحتمال الأول لطراز انتقال هذا المرض الوراثي هو:,ما هو الاحتمال الأول لطراز انتقال هذا المرض الوراثي عندما ينجب أبوان سليمان طفلين (ذكر وأنثى) مصابين بمرض استقلابي بدأت تظاهراته مبكراً؟,صبغي جسدي متنحي,صبغي جسدي سائد,مرتبط بالـ X,متقدري,,,B,ABCD,صبغي جسدي سائد,
2285,Y3,Physics,Chemistry and Physics,زاوية الورود تساوي زاوية الانعكاس هو قانون ك,ما هو القانون الذي ينص على أن زاوية الورود تساوي زاوية الانعكاس؟,للانعكاس,للانعكاس المراوي,للانعكاس التبعثري,للانعكاس الخشن,,,A,ABCD,للانعكاس,
2289,Y1,Chemistry,Chemistry and Physics,الصيغة التي تعطينا التفاصيل الأقل و النسبة الابسط للذرات الموجودة في الجزيء,ما هي الصيغة التي تعطينا التفاصيل الأقل والنسبة الأبسط للذرات الموجودة في الجزيء؟,الصيغة الجزينية,الصيغة التجريبية,الصيغة البنيوية,الصيغة الهيكلية,,,B,ABCD,الصيغة التجريبية,
2290,Y1,Physics,Chemistry and Physics,الذي يعطي لأشعة جاما مصدرا آخر للأشعة السينية التي يمكن أن تكون مفيدة وطاقتها قريبة من طاقة أشعة جاما الأصلية بحيث يمكن عدهما أشعة واحدة هو,ما هو الذي يعطي لأشعة جاما مصدرا آخر للأشعة السينية التي يمكن أن تكون مفيدة وطاقتها قريبة من طاقة أشعة جاما الأصلية بحيث يمكن عدهما أشعة واحدة؟,النحول الخارجي,التحول الداخلي,الفلورة,إصدار البوزترونات,,,B,ABCD,التحول الداخلي,
2295,Y1,Physics,Chemistry and Physics,المواد غير المرئية بالنسبة للتواتر 500GHz يمكن الكشف عنها بالأمواج ذات التواتر:,ما هو التواتر المناسب للأمواج التي يمكن استخدامها للكشف عن المواد غير المرئية بالنسبة للتواتر 500GHz؟,الأعلى,الأحمض,نفسه,كل ماسبق خاطئ,,,A,ABCD,الأعلى,
2296,Y1,Physics,Chemistry and Physics,مجال الأمواج تحت الصوتية أصغر من :,ما هو المجال الذي تكون فيه الأمواج تحت الصوتية أصغر منه؟,20 Hz,200 Hz,200 Hz,20KHz,,,A,ABCD,20 Hz,
2299,Y3,Physics,Chemistry and Physics,– المقدار الذي يتزايد لدى انتثار فوتون عن الكترون بمفعول كومتون :,ما هو المقدار الذي يتزايد لدى انتثار فوتون عن الكترون بمفعول كومتون؟,طاقته,طوله الموجي,تواتره,شدته,,,B,ABCD,طوله الموجي,
2305,Y1,Physics,Chemistry and Physics,يعبر عن شدة الموجة الصوتية :,ما الذي يعبر عن شدة الموجة الصوتية؟,بالجول لكل ثانية .,بالجول .,بالواط على المتر المربع .,طاقة الموجة التي تعبر واحدة السطوح .,,,C,ABCD,بالواط على المتر المربع .,
2306,Y1,Physics,Chemistry and Physics,تتميز الاشعة السينية:,ما هي خصائص الأشعة السينية؟,اشعاعات كهرطيسية وبأطوال موجية أقصر بكثير منها في حالة الضوء المرئي.,حزمة من الالكترونات ذات طاقة عالية جدا .,اشعاعات كهرطيسية وباطوال موجية من نفس مرتبة الضوء المرئي.,اشعاعات كهرطيسية وباطوال موجية أطول بكثير منها في حالة الضوء المرئي.,,,A,ABCD,اشعاعات كهرطيسية وبأطوال موجية أقصر بكثير منها في حالة الضوء المرئي.,
2309,Y1,Physics,Chemistry and Physics,القوة التي تحدث تشوها في الجسم وتكون مطبقه على واحده السطح هي:,ما هي القوة التي تحدث تشوهاً في الجسم وتكون مطبقة على وحدة السطح؟,الانفعال,الاجهاد,المرونة,اللرونة,,,B,ABCD,الاجهاد,
2311,Y1,Physics,Chemistry and Physics,النواة في جسم الإنسان تكون درجة حرارتها ............ والغلاف ويكون درجة حرارته..................,ماذا تعتبر درجة حرارة النواة والغلاف في جسم الإنسان؟,متغيرة - ثابتة,ثابتة - متغيرة,ثابتة – ثابتة,متغيرة - متغيرة,,,B,ABCD,ثابتة - متغيرة,ماذا تعتبر درجة حرارة النواة والغلاف في جسم الإنسان؟
2312,Y1,Physics,Chemistry and Physics,ان ثابت التناسب بين تدرج السرعة هو:,ما هو ثابت التناسب بين تدرج السرعة؟,معامل المرونة,معامل لزوجه المائع,معامل القص,معامل اللدونة,,,B,ABCD,معامل لزوجه المائع,
2319,Y1,Chemistry,Chemistry and Physics,تعطي الالدهيدات مع NaBH5:,ما هو الناتج عندما تتفاعل الألدهيدات مع NaBH5؟,أغوال ثانوية,الدهيدات,أغوال أولية,حموض كربوكسيلية,,,C,ABCD,أغوال أولية,
2320,Y1,Physics,Chemistry and Physics,تجري الباب الصراع التلاومي بين الجسم والوسط المحيط عن طريق:,ما هي الطريقة التي يجري بها التبادل الحراري بين الجسم والوسط المحيط؟,الأوعية الدموية,الكبد,الطحال,التنكرياس,,,A,ABCD,الأوعية الدموية,
2322,Y1,Chemistry,Chemistry and Physics,استخدام العلماء معيار لحساب الكتل الذرية النسبية هو:,ما هو المعيار الذي يستخدمه العلماء لحساب الكتل الذرية النسبية؟,نظير الأوكسجين 18,نظير الهيدروجين 1,نظير الكربون 12,نظير الهيليوم 2,,,C,ABCD,نظير الكربون 12,
2324,Y1,Physics,Chemistry and Physics,في الولايات المتحدة يقاس الضغط في اطار السيارة بـ:,ما هي الوحدة التي يقاس بها الضغط في إطار السيارة في الولايات المتحدة؟,الباوند لكل موجه مربعه,البار,البوصات او المليمترات الزئبقية,التور,,,A,ABCD,الباوند لكل موجه مربعه,
2325,Y1,Physics,Chemistry and Physics,القانون الذي ينص على أن تغير الحقل المغنطيسي يولد حقلا كهربائيا هو:,ما هو القانون الذي ينص على أن تغير الحقل المغنطيسي يولد حقلا كهربائيا؟,غاوس في المغنطيسية,غاوس في الكهرباء,أمبير ماكسويل,فارادي,,,D,ABCD,فارادي,
2328,Y1,Physics,Chemistry and Physics,يوصف جريان المائع بأنه مستقر إذا كانت سرعته في أي نقطة منه مع الزمن :,ما هو وصف جريان المائع المستقر من ناحية سرعته في أي نقطة منه مع الزمن؟,معدومة .,متزايدة .,متناقصة .,ثابتة .,,,D,ABCD,ثابتة .,
2332,Y1,Physics,Chemistry and Physics,المادة التي تتخذ شكل أسفل الوعاء الذي يحتويها لها حجم خاص بها تكون:,ما هي المادة التي تتخذ شكل أسفل الوعاء الذي يحتويها ولها حجم خاص بها؟,سائلة,غازية,صلبة,كل ما سبق صحيح,,,A,ABCD,سائلة,
2338,Y1,Physics,Chemistry and Physics,عندما يكون عمر الحالة المثارة طويلا تدعى القوى :,ما تسمى القوى عندما يكون عمر الحالة المثارة طويلا؟,مستقرة,غير مستقرة,شبه مستقرة,"B,C",,,C,ABCD,شبه مستقرة,
2340,Y1,Physics,Chemistry and Physics,الذي يعطى لأشعة غاما مصدرا آخر للأشعة السينية التي يمكن أن تكون مفيدة وطاقتها قريبة من طاقة أشعة غاما الأصلية بحيث يمكن عندها من أشعة واحدة هو :,ما هو الذي يعطى لأشعة غاما مصدراً آخر للأشعة السينية التي يمكن أن تكون مفيدة وطاقتها قريبة من طاقة أشعة غاما الأصلية بحيث يمكن الحصول على أشعة واحدة؟,التحول الخارجي,التحول الداخلي,الفلورة,بإصدار البوزترنات,,,B,ABCD,التحول الداخلي,
2341,Y1,Physics,Chemistry and Physics,تعتبر العظام ومستحضرات التباين العائمة كلها كاليود والباريوم من الكثافة:,ما نوع الكثافة التي تعتبر منها العظام ومستحضرات التباين العائمة مثل اليود والباريوم؟,المائية .,الدهنية.,الكلسية.,الهوائية.,,,C,ABCD,الكلسية.,ما نوع الكثافة التي تعتبر منها العظام ومستحضرات التباين العائمة مثل اليود والباريوم؟
2342,Y3,Physics,Chemistry and Physics,ماهي طبيعة الاشعة السينية :,ما هي طبيعة الأشعة السينية؟,اشعة مهبطية,شكل من اشكال الضوء المرئي,جسيمات مشحونة,اشعاعات كهر طيسية,,,D,ABCD,اشعاعات كهر طيسية,
2346,Y1,Chemistry,Chemistry and Physics,مجموع الكتل الذرية النسبية في مركب أيوني هي:,ما هو مجموع الكتل الذرية النسبية في مركب أيوني؟,الكتلة الجزيئية النسبية,الكتلة الصيغية النسبية,الكتلة الأيونية النسبية,الكتلة الذرية النسبية,,,B,ABCD,الكتلة الصيغية النسبية,
2347,Y1,Physics,Chemistry and Physics,يقع مجال التيراهرتز بين :,أين يقع مجال التيراهرتز؟,الأشعة تحت الحمراء والأمواج المكروية .,الأشعة السينية وفوق البنفسجية .,أشعة غاما والأشعة السينية .,الأمواج المكروية والراديوية .,,,A,ABCD,الأشعة تحت الحمراء والأمواج المكروية .,
2349,Y1,Physics,Chemistry and Physics,اختبر الماء في الدرجة كمادة مرجعية للوزن النوعي لان كثافة الماء في هذه الدرجة تكون في:,لماذا يُستخدم الماء في درجة معينة كمادة مرجعية للوزن النوعي؟,قيمتها الواسطة,قيمتها العظمى,قيمتها الصغرى,قيمتها المتغيرة,,,B,ABCD,قيمتها العظمى,
2352,Y1,Physics,Chemistry and Physics,يتكون صمام الأشعة السينية من:,ما هي مكونات صمام الأشعة السينية؟,المهبط,المصعد,المرشح,المسدد,,,D,ABCD,المسدد,
2361,Y1,Physics,Chemistry and Physics,تدل دراسة تغير تابع إشعاع الجسم الأسود على أن الطاقة التي يصدرها الجسم الأسود لا تتعلق الا بـ:,ما الذي تتعلق به الطاقة التي يصدرها الجسم الأسود وفقاً لدراسة تغير تابع إشعاع الجسم الأسود؟,طبيعة سلحه,اصداريته,درجة حرارته المطلقة,كل ما سبق صحيح,,,C,ABCD,درجة حرارته المطلقة,
2363,Y1,Physics,Chemistry and Physics,قوة اللزوجة بالنسبة لاتجاه جريان المائع :,ما هي قوة اللزوجة بالنسبة لاتجاه جريان المائع؟,تعاكسه .,توافقه .,عمودية عليه .,الكل خطأ .,,,A,ABCD,تعاكسه .,
2364,Y1,Physics,Chemistry and Physics,يمكن تفكيك رابطة في خلايا النسج طاقتها بـ :,ما هي الطاقة التي يمكن بها تفكيك رابطة في خلايا النسج؟,فوتون تواتر راديوي.,فوتون تواتر راديوي + فوتون تيراهرتز.,فوتون أشعة سينينة.,فوتون تيراهرتز.,,,C,ABCD,فوتون أشعة سينينة.,
2369,Y3,Physics,Chemistry and Physics,يجب على ضغط الهواء داخل القاعة في حالة الثوران أن يكون ......... من ضغط الماء خارجها حيث تتوازن قوة الضغط نحو الخارج مع قوة التوتر السطحي نحو الداخل:,ما يجب أن يكون عليه ضغط الهواء داخل القاعة في حالة الثوران بالنسبة لضغط الماء خارجها حيث تتوازن قوة الضغط نحو الخارج مع قوة التوتر السطحي نحو الداخل؟,اصغر,اکبر,احيانا,"A,C",,,B,ABCD,اکبر,
2372,Y1,Physics,Chemistry and Physics,مجال الـ UVC طوله الموجي بين :,ما هو المجال الموجي لأشعة UVC؟,315-400nm,280-315nm,100-280nm,كل ماسبق خاطئ,,,C,ABCD,100-280nm,
2373,Y1,Physics,Chemistry and Physics,تتناسب قرينة الانكسار وسط مادي معين ..........مع .........الأمواج في ذلك الوسط,ما هي طبيعة الارتباط بين قرينة الانكسار لوسط مادي معين وسرعة الأمواج في ذلك الوسط؟,طرديا - مربع السرعة,عكسيا - مربع السرعة,عكسيا - سرعة,طرديا - سرعة,,,C,ABCD,عكسيا - سرعة,ما هي طبيعة الارتباط بين قرينة الانكسار لوسط مادي معين وسرعة الأمواج في ذلك الوسط؟
2381,Y3,Physics,Chemistry and Physics,– التواتر والطول الموجي هي من مميزات :,ما هي الخاصية التي يميزها التواتر والطول الموجي؟,الموجة,الجسيم,الموجة والجسيم,ليس أيا مما سبق,,,A,ABCD,الموجة,
2384,Y1,Physics,Chemistry and Physics,الطاقة التى تحملها الموجة في وحدة الزمن,ما هي الطاقة التي تحملها الموجة في وحدة الزمن؟,شدة الموجة الصوتية,شدة الموجة الضوئية,استطاعة الموجة الصوتية,استطاعة الموجة الضوئية,,,D,ABCD,استطاعة الموجة الضوئية,
2387,Y1,Physics,Chemistry and Physics,تسمح قابلية ....... بالمطابقة بالمطابقة من اجل كل ابعاد الجسم عن العين مع الاستمرار بتشكيل خيال على بعد ثابت من العدسة يتحدد بالفاصل بين العدسة والشبكية :,ما هي قابلية العين التي تسمح بالمطابقة لكل أبعاد الجسم عن العين مع الاستمرار بتشكيل خيال على بعد ثابت من العدسة يتحدد بالفاصل بين العدسة والشبكية؟,تعديل البعد بين العدسة والشبكية,تعديل شكل القزحية,تعديل شكل العدسة,كل ما سبق صحيح,,,C,ABCD,تعديل شكل العدسة,
2388,Y1,Chemistry,Chemistry and Physics,يؤثر الضغط على توازن التفاعلات التي تكون متفاعلاتها ومنتجاتها:,كيف يؤثر الضغط على توازن التفاعلات التي تكون متفاعلاتها ومنتجاتها؟,مواد صلبة,سوائل,غازات,كل ما سبق,,,C,ABCD,غازات,ما الحالة التي تكون فيها متفاعلات ومنتجات التفاعلات التي يؤثر الضغط على توازنها؟
2389,Y1,Physics,Chemistry and Physics,إن التواتر في حالة الأمواج الصوتية هو :,ما هو التواتر في حالة الأمواج الصوتية؟,عدد الإنضغاطات الاي تمر في نقطة معينة في الثانية,عدد التخلخلات التي تمر في نقطة معينة في الثانية,F=c/λ,"C,B",,,A,ABCD,عدد الإنضغاطات الاي تمر في نقطة معينة في الثانية,
2391,Y1,Physics,Chemistry and Physics,تصدر أجسامنا الطاقة حتى في درجات الحرارة العادية على شكل:,ما هو شكل الطاقة التي تصدرها أجسامنا حتى في درجات الحرارة العادية؟,أجسام حرارية,إشعاع كهرطيسي,نقاط صفراء,ألوان متعددة,,,B,ABCD,إشعاع كهرطيسي,
2400,Y1,Physics,Chemistry and Physics,التحولات التي تحافظ على العدد الكتلي تدعى التحولات:,ما هي التحولات التي تحافظ على العدد الكتلي؟,الايزوتونية,الايزوبارية,الايزوميرية,كل ما سبق صحيح,,,B,ABCD,الايزوبارية,
2410,Y1,Physics,Chemistry and Physics,القانون الذي يربط بين معدل الجريان الحجمي في وعاء دموي من جهة وفارق الضغط بين طرفي الوعاء ونصف قطره الداخلي وطوله ولزوجه الدم هو:,ما هو القانون الذي يربط بين معدل الجريان الحجمي في وعاء دموي من جهة وفارق الضغط بين طرفي الوعاء ونصف قطره الداخلي وطوله ولزوجة الدم؟,قانون بورواري,قانون اينشتاين,قانون الاستمرارية,قانون برنولي,,,A,ABCD,قانون بورواري,
2412,Y1,Physics,Chemistry and Physics,عندما تكون سرعة المائع في اي نقطه منه ثابتة مع مرور الزمن فالجريان يكون:,ما نوع الجريان عندما تكون سرعة المائع في أي نقطة منه ثابتة مع مرور الزمن؟,غير مستقر,مستقر,مضطرب,"A, C",,,B,ABCD,مستقر,
2413,Y1,Physics,Chemistry and Physics,نعبر العلاقة عن آلية انتقال الحرارة بـ:,ما هي آلية انتقال الحرارة في الموائع؟,النقل,الحمل,الإشعاع,التبخر,,,B,ABCD,الحمل,ما هي آلية انتقال الحرارة في الموائع؟
2417,Y1,Physics,Chemistry and Physics,صفات الخيال في المصورات ذات الثقب:,ما هي صفات الخيال في المصورات ذات الثقب؟,خيال وهمي صحيح.,خيال وهمي مقلوب.,خیال حقيقي مقلوب.,خيال حقيقي صحيح.,,,C,ABCD,خیال حقيقي مقلوب.,
2419,Y1,Physics,Chemistry and Physics,تتناسب قرينة الانكسار لأي وسط معين:,ما هي العلاقة التناسبية لقرينة الانكسار لأي وسط معين؟,عكسيا مع سرعة الأمواج في ذلك الوسط,عكسيا مع مربع سرعة الأمواج في ذلك الوسط,طرديا مع سرعة الأمواج في ذلك الوسط,طرديا مع مربع سرعة الأمواج في ذلك الوسط,,,A,ABCD,عكسيا مع سرعة الأمواج في ذلك الوسط,
2422,Y3,Physics,Chemistry and Physics,– الاشعة التي حققت حلم الانسان القديم في رؤية داخل الجسم من دون بضعة هي :,ما هي الأشعة التي حققت حلم الإنسان القديم في رؤية داخل الجسم من دون بضع؟,الاشعة فق البنفسجية,الاشعة تحت الحمراء,الاشعة التير هرتز,الاشعة السينية,,,D,ABCD,الاشعة السينية,
2427,Y1,Chemistry,Chemistry and Physics,يؤدي تفاعل حمض الآزوت المركز بوجود حمض الكبريت المركز مع نترو البنزن إلى تشكل,ما هو المركب الذي يتشكل من تفاعل حمض الآزوت المركز بوجود حمض الكبريت المركز مع نترو البنزين؟,بارا ثنائي نترو البنزن,ميتا ثنائي نترو البنزن,أورثو ثنائي نترو البنزن,مزيج من أورثو ثنائي نترو البنزن ويارا ثنائي نترو البنزن,,,B,ABCD,ميتا ثنائي نترو البنزن,
2429,Y1,Physics,Chemistry and Physics,التبادلات التي تجري بين الجسم الصلب والمانع المتحرك الذي يختلف عنه في درجة الحرارة تكون:,ما هي التبادلات التي تجري بين الجسم الصلب والمانع المتحرك الذي يختلف عنه في درجة الحرارة؟,النقل,الحمل,الإشعاع,التنخر,,,B,ABCD,الحمل,
2430,Y1,Physics,Chemistry and Physics,وظيفة الحقل الكهربائي في الأفران الكروية,ما هي وظيفة الحقل الكهربائي في الأفران الكروية؟,يجعل جزيئات الماء تقوم بحركة دورانية,يقوم بتوليد الأمواج المكروية,يقوم بتوجيه الأمواج الكروية,يخصص مقدار تسرب الأمواج المكروية,,,A,ABCD,يجعل جزيئات الماء تقوم بحركة دورانية,
2435,Y1,Physics,Chemistry and Physics,تتميز الاشعاعات الكهرطيسية بطبيعة:,ما هي طبيعة الإشعاعات الكهرومغناطيسية؟,موجية.,جسيمية.,مثنوية .,كل ما ذكر خطأ.,,,C,ABCD,مثنوية .,
2438,Y1,Chemistry,Chemistry and Physics,تخضع هالوجينات الالكانات إلى تفاعل......... بالقلويات,ما هو التفاعل الذي تخضع له هالوجينات الألكانات بالقلويات؟,استبدال نكليوفيلي,استبدال الكتروفيلي,اضافة,ليس اي مما سبق,,,A,ABCD,استبدال نكليوفيلي,
2443,Y1,Physics,Chemistry and Physics,يستخدم الليزر الصباغي في :,ما هي استخدامات الليزر الصباغي؟,الجراحة .,معالجة الوحمات الوعائية .,التصوير .,الكشف عن سرطان الجلد .,,,B,ABCD,معالجة الوحمات الوعائية .,
2462,Y3,Physics,Chemistry and Physics,النظائر المشعة في التصوير بالأصدر البوزتروني تصدر.,ماذا تصدر النظائر المشعة في التصوير بالأصدر البوزتروني؟,اشعة غاما,أشعة بينا,أشعة X-RAY,بوزترونات,,,D,ABCD,بوزترونات,
2473,Y1,Physics,Chemistry and Physics,ماهي الاشعة التي ساهمت في تقدم علم البلورات :,ما هي الأشعة التي ساهمت في تقدم علم البلورات؟,UV,IR,تیراهرتز,X-RAY,,,D,ABCD,X-RAY,
2482,Y3,Physics,Chemistry and Physics,عندما نمسح النهاية المدببة سطح المعدن في مجهر STM يتم التحكم في ارتفاعها للحفاظ على :,ما الذي يتم التحكم في ارتفاع النهاية المدببة للحفاظ عليه عندما نمسح سطح المعدن في مجهر STM؟,ثبات البعد,ثبات التيار النفقي,A.B,كل ما سبق خاطئ,,,B,ABCD,ثبات التيار النفقي,
2483,Y1,Physics,Chemistry and Physics,معدل الإشعاع من سطح إلى معدل الإشعاع من مساوية من سطح مشع مثالي في درجة الحرارة نفسها:,ما هو معدل الإشعاع من سطح إلى معدل الإشعاع من مساحة مساوية من سطح مشع مثالي في درجة الحرارة نفسها؟,الإصدارية,النفوذية,الامتصاصية,الانعكاسية,,,A,ABCD,الإصدارية,
2485,Y1,Physics,Chemistry and Physics,يمكن من خلال التفاعل+ الاستفادة في التصوير من :,ما هي الجزئيات التي يمكن الاستفادة من تفاعلها في التصوير؟,فوتونات الفلورة السينية .,أشعة غاما .,البوزترونات.,الالكترونات.,,,A,ABCD,فوتونات الفلورة السينية .,ما هي الجزئيات التي يمكن الاستفادة من تفاعلها في التصوير؟
2501,Y1,Physics,Chemistry and Physics,الوسط الذي تكون فيه كثافة الأيونات الموجبة والسالبة أكبر من كثافة الأيونات المعتدلة يسمى:,ما هو الوسط الذي تكون فيه كثافة الأيونات الموجبة والسالبة أكبر من كثافة الأيونات المعتدلة؟,ماء,بلازما,صلب,سائل,,,B,ABCD,بلازما,
2503,Y1,Physics,Chemistry and Physics,الاطمئنان على صحة الجنين عند المرأة الحامل يكون بإجراء:,ما هو الإجراء المستخدم للاطمئنان على صحة الجنين عند المرأة الحامل؟,الإيكو غرافي .,التصوير المقطعي المحوري .,التصوير الحراري .,تصوير مغناطيسية الدماغ .,,,A,ABCD,الإيكو غرافي .,
2505,Y1,Physics,Chemistry and Physics,يدعى الضغط الذي يسببه عمود من الزئبق ارتفاعه mm 1:,ما يُدعى الضغط الذي يسببه عمود من الزئبق ارتفاعه 1 مم؟,التور .,البار .,الباسكال .,الجو .,,,A,ABCD,التور .,
2543,Y1,Physics,Chemistry and Physics,الظاهرة التي تنقسم فيها نواة ذات عدد كتلى كبير إلى نواتين أو أكثر لكل منهما عدد كتلي متوسط :,ما هي الظاهرة التي تنقسم فيها نواة ذات عدد كتلي كبير إلى نواتين أو أكثر لكل منهما عدد كتلي متوسط؟,ظاهرة الإندماج النووي,ظاهرة الإنشطار النووي,ظاهرة التبعثر,ظاهرة الإنعكاس,,,B,ABCD,ظاهرة الإنشطار النووي,
2555,Y1,Physics,Chemistry and Physics,يشع جسم الإنسان بشكل قريب حدا من إشعاع الجسمالأسود في مجال الأشعة:,ما هو مجال الأشعة الذي يشع فيه جسم الإنسان بشكل قريب جداً من إشعاع الجسم الأسود؟,تحت الحمراء,المرئية,فوق البنفسجي,كل ما سبق صحيح,,,A,ABCD,تحت الحمراء,
2557,Y1,Physics,Chemistry and Physics,من الأشعة التي اشتهرت بانتزاع جزيئات الماء لدى تفاعلها مع النسج :,ما هي الأشعة التي اشتهرت بانتزاع جزيئات الماء لدى تفاعلها مع النسج؟,الأشعة تحت الحمراء.,الأشعة فوق البنفسجية .,الأشعة السينية.,التيراهرتز .,,,A,ABCD,الأشعة تحت الحمراء.,
2563,Y1,Physics,Chemistry and Physics,الظاهرة التي تنقسم فيها نواة ذات عدد كتلي كبير إلى نواتين أو أكثر لكل منهما عدد كتلي متوسط:,ما هي الظاهرة التي تنقسم فيها نواة ذات عدد كتلي كبير إلى نواتين أو أكثر لكل منهما عدد كتلي متوسط؟,ظاهرة الاندماج النووي.,ظاهرة الانشطار النووي.,ظاهرة التبعثر.,ظاهرة الانعكاس,,,B,ABCD,ظاهرة الانشطار النووي.,
2575,Y3,Physics,Chemistry and Physics,كانت طريقة للعلاج الفيزيائي تستعمل فيها عبارات كهربائية عالية التردد لإحداث,ما هي طريقة العلاج الفيزيائي التي تستعمل فيها تيارات كهربائية عالية التردد لإحداث الحرارة في الأنسجة العميقة؟,تسخين كامل للأنسجة الحية,تسخين موضعي في الانسجة الحية,"A,B",كل ما سبق خاطئ,,,B,ABCD,تسخين موضعي في الانسجة الحية,
2577,Y1,Physics,Chemistry and Physics,تتولد الاشعة السينية عندما :,كيف تتولد الأشعة السينية؟,تسرع الفوتونات في أنبوب مقرع ويسمح لها بالسقوط على سطح داخل الانبوب.,تسرع الفوتونات بكمون مرتفع ويسمح لها بالسقوط على سطح زجاجي او معدني.,تسرع الالكترونات بكمون مرتفع في أنبوب الفراغ ويسمح لها بالسقوط على سطح داخل الانبوب .,تسرع الالكترونات بكمون مرتفع في أنبوب زجاجي ويسمح لها بالسقوط على سطح داخل الانبوب.,,,C,ABCD,تسرع الالكترونات بكمون مرتفع في أنبوب الفراغ ويسمح لها بالسقوط على سطح داخل الانبوب .,
2579,Y1,Chemistry,Chemistry and Physics,ان العناصر تترتب الان في الجدول الدوري وفق :,ما هو الأساس الذي تترتب وفقه العناصر في الجدول الدوري حالياً؟,كتلتها الذرية,إعدادها الذرية,شحنتها,بنيتها الكيميائية,,,B,ABCD,إعدادها الذرية,
2590,Y1,Physics,Chemistry and Physics,ان معادلة برنولي تطبق على جريان أي مائع مثالي طالما تقع النقطتان على,ما هو الشرط الذي يجب أن تحققه النقطتان لتطبيق معادلة برنولي على جريان أي مائع مثالي؟,خط الانحناء نفسه,خط التيار نفسه,المستقدم العمودي على منحى الانتشار,كل ما سبق صحيح,,,A,ABCD,خط الانحناء نفسه,
2601,Y3,Physics,Chemistry and Physics,الأمواج التي تستخدم في تفتيت الحصى هي :,ما هي الأمواج التي تستخدم في تفتيت الحصى؟,الأمواج فوق الصوتية,الأمواج الصوتية,الأمواج تحت الصوتية,كل ما سبق خاطئ,,,A,ABCD,الأمواج فوق الصوتية,
2611,Y3,Physics,Chemistry and Physics,المجهر الذي يمسح العينة نقطة فنقطة ولكنه يكشف عن الالكترونات النافذة هو :,ما هو المجهر الذي يمسح العينة نقطة فنقطة ولكنه يكشف عن الالكترونات النافذة؟,STM,SEM,TEM,STEM,,,D,ABCD,STEM,
2615,Y1,Physics,Chemistry and Physics,تشتق قوة المقاومة من اللزوجة عندما تكون السرعة النسبية بين الجسم والمائع ...... إلى حد يكفي لأن يكون الجريان حول الجسم رقائقيا,من أين تشتق قوة المقاومة من اللزوجة عندما تكون السرعة النسبية بين الجسم والمائع كافية لأن يكون الجريان حول الجسم رقائقياً؟,مرتفعة,منخفضة,متوسطة,كل ما سبق صحيح,,,B,ABCD,منخفضة,
2620,Y1,Chemistry,Chemistry and Physics,الرابطة التي تبقى صلبة دائماً:,ما هي الرابطة التي تبقى صلبة دائماً؟,الأيونية,المعدنية,الجزيئية البسيط,التشاركية,,,A,ABCD,الأيونية,
2636,Y3,Physics,Chemistry and Physics,– عدد العدسات في مجهر SEM :,كم عدد العدسات في مجهر SEM؟,ثلاثة,اثنتان,أربعة,واحدة,,,B,ABCD,اثنتان,
2637,Y1,Physics,Chemistry and Physics,تتولد الأمواج الصادمة عندما سرعة منبع الأمواج الصوتية :,ما هي الحالة التي تتولد فيها الأمواج الصادمة بالنسبة لسرعة منبع الأمواج الصوتية؟,تساوى سرعة الموجة.,تتجاوز سرعة الموجة الصوتية .,تقل عن سرعة الموجة.,تساوى أو تتجاوز سرعة الموجة الصوتية.,,,B,ABCD,تتجاوز سرعة الموجة الصوتية .,
2641,Y1,Chemistry,Chemistry and Physics,العدد النيوكلوني في نواة ذرة ما يعبر عن عدد:,ما هو العدد النيوكلوني في نواة ذرة ما؟,النترونات,البروتونات,الإلكترونات,مجموع البروتونات والنترونات,,,D,ABCD,مجموع البروتونات والنترونات,
2645,Y1,Physics,Chemistry and Physics,الأشعة السينية تتخامد في الجسم المدروس بسبب:,ما هو سبب تخامد الأشعة السينية في الجسم المدروس؟,قصر طولها الموجى,امتصاص الجسم لها,ارتدادها عن الجسم,"A,B",,,B,ABCD,امتصاص الجسم لها,
2648,Y1,Physics,Chemistry and Physics,للقياس درجة التشوه يدعي:,ما يُستخدم لقياس درجة التشوه؟,جهاد,انفعال,مرونة,لدونة,,,B,ABCD,انفعال,
2653,Y1,Physics,Chemistry and Physics,الروتنجن هي واحدة لقياس :,ما هي الوحدة التي يقيسها الروتنجن؟,امتصاص الإشعاع .,التعرض للإشعاع .,شدة منبع الاشعاع .,تدفق منبع الاشعاع.,,,B,ABCD,التعرض للإشعاع .,
2661,Y1,Chemistry,Chemistry and Physics,تتألف الحلقة البنزنية من:,ما تتألف منه الحلقة البنزنية؟,ثلاثة كربونات,أربعة كربونات,خمسة كربونات,ستة كربونات,,,D,ABCD,ستة كربونات,
2670,Y1,Physics,Chemistry and Physics,عند انزياح الضوء من المجرات البعيدة التواترات الاخفض فإن ذلك يشير إلى :,ماذا يشير انزياح الضوء من المجرات البعيدة نحو الترددات الأخفض؟,اقتراب المجرات منا,ابتعاد المجرات عنا,ثبات مكان المجرات,كل ما سبق صحيح,,,B,ABCD,ابتعاد المجرات عنا,
2674,Y1,Physics,Chemistry and Physics,الرونتجن هي واحدة لقياس :,ما هي الوحدة التي يقيسها الرونتجن؟,امتصاص الإشعاع.,التعرض للإشعاع.,شدة منبع الإشعاع.,تدفق الإشعاع.,,,B,ABCD,التعرض للإشعاع.,
2687,Y1,Chemistry,Chemistry and Physics,النظائر هي ذرات من نفس العنصر:,ما هي النظائر؟,لها نفس عدد النترونات,تختلف بعدد البروتونات,لها نفس عدد النيكليونات,لها نفس عدد البروتونات وتختلف بعدد النترونات,,,D,ABCD,لها نفس عدد البروتونات وتختلف بعدد النترونات,
2702,Y1,Physics,Chemistry and Physics,زاوية الورود التي يكون الضوء المنعكس عندها مستقطبا كليا هي :,ما هي زاوية الورود التي يكون الضوء المنعكس عندها مستقطبا كليا؟,الزاوية الحرجة,زاوية بروستو,الزاوية الخشنة,"A,B",,,B,ABCD,زاوية بروستو,
2719,Y1,Physics,Chemistry and Physics,يمكن توليد الأمواج فوق الصوتية عن طريق,كيف يمكن توليد الأمواج فوق الصوتية؟,بلورات كهربائية,بلورات ضغطية,بلورات مغنطيسية,بلورات كهر ضغطية,,,D,ABCD,بلورات كهر ضغطية,
2731,Y1,Physics,Chemistry and Physics,تشكل العين مديدة البصر (العين الطامسة) للجسم القريب خيالاً:,أين تشكل العين مديدة البصر (العين الطامسة) خيال الجسم القريب؟,أمام الشبكية.,وراء الشبكية.,على الشبكية تماماً.,لا وجود لمثل هذا العيب فى العين.,,,B,ABCD,وراء الشبكية.,
2734,Y3,Physics,Chemistry and Physics,يمثل الاضطراب الحالة :,ما هو الاضطراب الذي يمثل هذه الحالة؟,المتقدمة الجريان المستقر,الحدية للجريان المستقر,الحدية للجريان غير المستقر,المتقدمة للجريان غير المستقر,,,B,ABCD,الحدية للجريان المستقر,
2740,Y3,Physics,Chemistry and Physics,يأخذ احتمال وجود الالكترون قيمة عظمى في الحالة الأساسية في ذرة هيدروجين عندما يكون :,متى يأخذ احتمال وجود الالكترون قيمة عظمى في الحالة الأساسية في ذرة هيدروجين؟,بعده عن النواة أكبر من نصف قطر بور,بعده عن النواة أصغر من نصف قطر بور,بعده عن النواة يساوي من نصف قطر بور,بعده عن النواة يساوي من مربع نصف قطر بور,,,B,ABCD,بعده عن النواة أصغر من نصف قطر بور,
2741,Y1,Physics,Chemistry and Physics,ينص قانون الانعكاس الأول على:,ما ينص عليه قانون الانعكاس الأول؟,يغير الشعاع الضوئي جهته عند انتقاله بين وسطين مختلفين.,زاوية الورود لا تساوي زاوية الانعكاس.,زاوية الورود تساوي زاوية الانعكاس.,يقع كل من الشعاع الوارد والشعاع المنعكس بجهتين مختلفتين.,,,C,ABCD,زاوية الورود تساوي زاوية الانعكاس.,
2742,Y1,Physics,Chemistry and Physics,في حالة التشوه التحددي أو الانضغاطي فإن الانفعال يكون هو,ما هو الانفعال في حالة التشوه التحددي أو الانضغاطي؟,التغير النسبي في الطول زيادة أو نقصانا,نسبة الإزاحة النسبية بين سطحين في,التغير النسبي في الحجم أو الكتلة,كل ما سبق صحيح,,,A,ABCD,التغير النسبي في الطول زيادة أو نقصانا,
2750,Y1,Physics,Chemistry and Physics,إذا كان الجسم مغموسا وليس مغمورا كليا نتيجة كون كثافة المائع اكبر من كثافة الجسم فينغمس حجم من الجسم ووزنه يساوي:,ما هو وزن الحجم المنغمس من الجسم عندما يكون الجسم مغموساً وليس مغموراً كلياً نتيجة كون كثافة المائع أكبر من كثافة الجسم؟,وزن السائل كاملا,وزن الجسم,حجم السائل كاملا,حجم الجسم,,,B,ABCD,وزن الجسم,
2769,Y1,Physics,Chemistry and Physics,الجهاز الذي يصور مقاطع في الجسم البشري بالأشعة السينية والاستعانة بالحاسب اسمه:,ما اسم الجهاز الذي يصور مقاطع في الجسم البشري بالأشعة السينية والاستعانة بالحاسب؟,الكاشف.,الماسح .,المطياف .,المصورة.,,,B,ABCD,الماسح .,
2774,Y1,Physics,Chemistry and Physics,العنصر الأكثر استخداما في التصوير بالتجاوب المغناطيسي,ما هو العنصر الأكثر استخداماً في التصوير بالتجاوب المغناطيسي؟,الكربون,الهيدروجين,الأوكسجين,النيتروجين,,,B,ABCD,الهيدروجين,
2779,Y1,Physics,Chemistry and Physics,الأشعة السينية تتخامد في الجسم المدروس بسبب:,ما هو سبب تخامد الأشعة السينية في الجسم المدروس؟,قصر طولها الموجى,امتصاص الجسم لها,ارتدادها عن الجسم,"A,B",,,B,ABCD,امتصاص الجسم لها,
2792,Y1,Chemistry,Chemistry and Physics,ان الخطوة الأولى في التفاعلات هي,ما هي الخطوة الأولى في التفاعلات؟,المبادرة,التغلغل (التنامي),الانهاء,الاضافة,,,A,ABCD,المبادرة,
2800,Y1,Physics,Chemistry and Physics,الفوتونات التي تعبر الثقب في الحجرة ترتد عن الجدران مرات عديدة قبل أن تغادر وبذلك يزداد.,ماذا يزداد عندما ترتد الفوتونات التي تعبر الثقب في الحجرة عن الجدران مرات عديدة قبل أن تغادر؟,احتمال ارتدادها,احتمال انعكاسها,احتمال عبورها,احتمال امتصاتصها,,,D,ABCD,احتمال امتصاتصها,
2805,Y1,Physics,Chemistry and Physics,الحزم الإلكترونية تعمل على معالجة الأورام :,كيف تعمل الحزم الإلكترونية على معالجة الأورام؟,القريبة من الجلد,العميقة,"A,B",كل ما سبق خاطئ,,,A,ABCD,القريبة من الجلد,
2806,Y1,Chemistry,Chemistry and Physics,تكرار الطراز (الدورية في الجدول الدوري) ناجمة عن ترتيب العناصر حسب,ما هو السبب وراء تكرار الطراز (الدورية في الجدول الدوري) الناجم عن ترتيب العناصر؟,ازدياد كتلها الذرية,ازدياد أعدادها البروتونية,ازدياد الكهرسلبية,ازدياد قطرها الذري,,,B,ABCD,ازدياد أعدادها البروتونية,
2810,Y1,Chemistry,Chemistry and Physics,تؤدي أكسدة الكيلات البنزن (مثل ميتيل البنزن) ببرمنغنات البوتاسيوم (VII) القلوية أو بأي مؤكسد قوي آخر إلى تشكل:,ما هو المركب الذي يتشكل عند أكسدة الكيلات البنزن (مثل ميتيل البنزن) ببرمنغنات البوتاسيوم (VII) القلوية أو بأي مؤكسد قوي آخر؟,الفينول,البنزن,نترو البنزن,حمض البنزويك,,,D,ABCD,حمض البنزويك,
2822,Y1,Physics,Chemistry and Physics,النوى التي لها عدد N ثابت حيث تحوي العدد نفسه من النترونات هي:,ما هي النوى التي لها عدد N ثابت حيث تحوي العدد نفسه من النترونات؟,ايزوتونات,ايزوبارات,ايزوميرات نووية,نظائر,,,A,ABCD,ايزوتونات,
2823,Y1,Physics,Chemistry and Physics,اذا كانت الحقول الكهربائية لمنبع الأمواج الكهرطيسية لها اتجاهات عشوائية عند انتشاره فان,ماذا يحدث إذا كانت الحقول الكهربائية لمنبع الأمواج الكهرطيسية لها اتجاهات عشوائية عند انتشاره؟,مستقطب,غير مستقطب,مستقطب خطي,مستقطب جزئی,,,B,ABCD,غير مستقطب,
2830,Y1,Chemistry,Chemistry and Physics,تخضع الالكانات لتفاعل ....... بالهلوجينات في ضوء الشمس,ما هو التفاعل الذي تخضع له الألكانات مع الهالوجينات في ضوء الشمس؟,استبدال,اضافه تليوفيلية,إضافة الكتروفيلية,نزع,,,A,ABCD,استبدال,
2854,Y1,Physics,Chemistry and Physics,تهتز الذرتان في الجزيء ثنائي الذرة حول,ما هو الشيء الذي تهتز حوله الذرتان في الجزيء ثنائي الذرة؟,الكتل الأولى,مركز كتلتيهما,الكتلة الثانية,الكتلة الأنقل,,,B,ABCD,مركز كتلتيهما,
2855,Y1,Chemistry,Chemistry and Physics,البنية لأكسيد المغنزيوم تكون :,ما هي البنية لأكسيد المغنزيوم؟,مشتركة عملاقة,ايونية عملاقة,جزئية بسيطة,ليس أيا مما سبق,,,B,ABCD,ايونية عملاقة,
2868,Y1,Physics,Chemistry and Physics,الفوتونات التي تعبر الثقب في الحجرة ترتد عن الجدران مرات عديدة قبل أن تغادر وبذلك يزداد.,ماذا يزداد عندما ترتد الفوتونات التي تعبر الثقب في الحجرة عن الجدران مرات عديدة قبل أن تغادر؟,احتمال ارتدادها,احتمال انعكاسها,احتمال عبورها,احتمال امتصاتصها,,,D,ABCD,احتمال امتصاتصها,
2877,Y1,Physics,Chemistry and Physics,تقدر الجرعة المكافئة للإشعاع :,ما هي وحدة قياس الجرعة المكافئة للإشعاع؟,بالغري .,بالسفرت .,بالراد .,بالروتنجن .,,,B,ABCD,بالسفرت .,
2883,Y1,Physics,Chemistry and Physics,يمكن اعتبار طريقة التصوير التالية هي الأقل ضرراً على الجسم :,ما هي طريقة التصوير التي يمكن اعتبارها الأقل ضرراً على الجسم؟,التصوير الحراري.,الرنين المغنطيسي .,التصوير الطبقي المحوري .,التصوير الومضاني.,,,A,ABCD,التصوير الحراري.,
2891,Y1,Physics,Chemistry and Physics,تستخدم تقنية الـ PET مجموعة من النظائر المشعة ذات أعمار نصف :,ما هي أعمار النصف للنظائر المشعة المستخدمة في تقنية الـ PET؟,طويلة نسبيا,قصيرة نسبيا,"A,B",متوسطة نسبيا,,,B,ABCD,قصيرة نسبيا,
2898,Y1,Physics,Chemistry and Physics,المماكبات ( الإيزوميرات) هي نوى :,ما هي المماكبات (الإيزوميرات)؟,تختلف بعددها الذري .,تختلف بعدد النيترونات.,تختلف بعدد البروتونات .,تختلف في طاقتها الداخلية فقط .,,,D,ABCD,تختلف في طاقتها الداخلية فقط .,
2913,Y1,Physics,Chemistry and Physics,معادلة برنولي المطبقة على جريان المائع هي من أشكال قانون انحفاظ :,ما هو القانون الذي تمثل معادلة برنولي المطبقة على جريان المائع أحد أشكال انحفاظه؟,الطاقة .,الكتلة .,السرعة.,الكل خطأ .,,,A,ABCD,الطاقة .,
2926,Y1,Physics,Chemistry and Physics,يستخدم قانون ستوكس لقياس :,ماذا يستخدم قانون ستوكس لقياسه؟,مقاومة اللزوجة .,اللزوجة .,سرعة تدفق السائل .,حجم السائل .,,,A,ABCD,مقاومة اللزوجة .,
2949,Y1,Physics,Chemistry and Physics,العلم الذي يقوم بحساب البعد بين الذرات عند معرفة الطول الموجى للأشعة السينية وقيست الزاوية هو:,ما هو العلم الذي يقوم بحساب البعد بين الذرات عند معرفة الطول الموجي للأشعة السينية وقياس الزاوية؟,علم الانكسارات,علم البلورات,علم الطبوغرافيا,كل ما سبق خاطئ,,,B,ABCD,علم البلورات,
2975,Y1,Physics,Chemistry and Physics,تنتشر الأمواج العرضانية في :,ما هي الأوساط التي تنتشر فيها الأمواج العرضانية؟,الموائع,الجسم الصلب,الغازات,"A,B",,,B,ABCD,الجسم الصلب,
2981,Y1,Physics,Chemistry and Physics,تستخدم في الطب النووي عند المعالجة عن بعد حزمة فوتونية من أشعة X عالية الطاقة نظراً لتمتعها بـ:,ما هي الخصائص التي تتمتع بها حزمة الفوتونات من أشعة X عالية الطاقة والتي تجعلها تستخدم في الطب النووي عند المعالجة عن بعد؟,قدرة اختراق عالية تسمح بتدمير الأورام السطحية والعميقة .,قدرة اختراق منخفضة تسمح بتدمير الأورام السطحية فقط .,خواص علاجية وتشخيصية .,خواص غير هجومية .,,,A,ABCD,قدرة اختراق عالية تسمح بتدمير الأورام السطحية والعميقة .,
2986,Y1,Physics,Chemistry and Physics,القانون الذي ينص على أن تشوه مادة يتناسب طرديا مع القوى التي تحدث التشوه هو:,ما هو القانون الذي ينص على أن تشوه مادة يتناسب طرديا مع القوى التي تحدث التشوه؟,قانون بولتزمان,قانون هوك,قانون هاينغز,قانون اینشتاین,,,B,ABCD,قانون هوك,
2987,Y3,Physics,Chemistry and Physics,يمكن تفسير ثنائية الإصدار في طيف بخار الصوديوم بالاعتماد على :,علام نعتمد لتفسير لثنائية الإصدار في طيف بخار الصوديوم؟,النظرية الذرية,العدد الكمومي المداري الثانوي,العدد الكمومي المداري المغنطيسي,العدد الكمومي السيني,,,A,ABCD,النظرية الذرية,
2989,Y1,Physics,Chemistry and Physics,المعادلة التي تعبر عن انخفاض الطاقة في الموائع هي:,ما هي المعادلة التي تعبر عن انخفاض الطاقة في الموائع؟,معادلة بيرنولي,معادلة الاستمرارية,معادلة اينشتاين,معادلة كومتون,,,A,ABCD,معادلة بيرنولي,
3001,Y1,Physics,Chemistry and Physics,تفاعل اشعاع الليزر مع النسج لا يحدث إلا عندما:,متى يحدث تفاعل اشعاع الليزر مع النسج؟,تمتصه النسج .,تعكسه .,تنثره .,تمرره .,,,A,ABCD,تمتصه النسج .,
3003,Y1,Chemistry,Chemistry and Physics,تأخذ الشبكات الأيونية لكلوريد الصوديوم وأكسيد المغنزيوم بنية:,ما هي البنية التي تأخذها الشبكات الأيونية لكلوريد الصوديوم وأكسيد المغنزيوم؟,رباعية الوجوه,مكعبية,ثمانية الوجوه,مسدسة الشكل,,,B,ABCD,مكعبية,
3013,Y1,Physics,Chemistry and Physics,إن العمل الذي يقوم به المائع على المائع الذي يتقدمه في وحدة الجريان هو,ما هو العمل الذي يقوم به المائع على المائع الذي يتقدمه في وحدة الجريان؟,الحجم,الضغط,الطاقة,الحركة,,,B,ABCD,الضغط,
3024,Y1,Physics,Chemistry and Physics,تقدر الكمية الوسطية للأوزون في الغلاف الجوي بنحو :,ما هي الكمية الوسطية للأوزون في الغلاف الجوي؟,200 DU,250 DU,300 DU,350 DU,,,C,ABCD,300 DU,
3027,Y1,Physics,Chemistry and Physics,يشيع في التشخيص الطبي إستخدام النكليد الإشعاعي المماكب :,ما هو النكليد الإشعاعي المماكب الذي يشيع استخدامه في التشخيص الطبي؟,التكنسيوم - 99,المولبيدن - 99,التيرتيوم - 3,الكربون - 14,,,A,ABCD,التكنسيوم - 99,
3041,Y1,Chemistry,Chemistry and Physics,ان نصف القطر الذري عبر الدور الثالث (من اليسار الي اليمين) :,كيف يتغير نصف القطر الذري عبر الدور الثالث من اليسار إلى اليمين؟,يتناقص,يتزايد,يبقى ثابتاً,يتعلق بشحنة الايون,,,A,ABCD,يتناقص,
3054,Y3,Physics,Chemistry and Physics,– اذا كان الاشعاع وحيد فإنه يكون مؤلفا من كمية من الفوتونات :,إذا كان الإشعاع وحيد الطول الموجي فمن أي نوع من الفوتونات يكون مؤلفاً؟,المتساوية الطاقات,المختلفة الطاقات,المتباعدة الطاقات,المتقاربة الطاقات,,,A,ABCD,المتساوية الطاقات,
3056,Y3,Physics,Chemistry and Physics,– الأمواج الميكانيكية التي تنشأ عن الوحدات المحركة في الالياف ولا تدركها الاذن :,ما هي الأمواج الميكانيكية التي تنشأ عن الوحدات المحركة في الألياف ولا تدركها الأذن؟,الأمواج الصوتية,الأمواج فوق الصوتية,الأمواج تحت الصوتية,لا شيء مما سبق,,,C,ABCD,الأمواج تحت الصوتية,
3064,Y1,Physics,Chemistry and Physics,عند استخدام تقنية التصوير SPECT يعطى المريض عنصر مشع مصدر :,ما هو مصدر العنصر المشع الذي يعطى للمريض عند استخدام تقنية التصوير SPECT؟,لجسيمات الفا .,لأشعة غاما .,لجسيمات بيتا .,كل ما ذكر صحيح .,,,B,ABCD,لأشعة غاما .,
3065,Y1,Physics,Chemistry and Physics,نحصل في التصوير الومضاني للجزء المصور من جسم المريض على صورة : متعددة المقاطع :,ما نوع الصورة التي نحصل عليها في التصوير الومضاني للجزء المصور من جسم المريض؟,ثنائية البعد .,ثلاثية البعد .,متعددة المقاطع .,كل الإجابات السابقة صحيحة .,,,A,ABCD,ثنائية البعد .,
3066,Y1,Physics,Chemistry and Physics,إذا تضيق قطر الشريان الى ثلث قيمته الأصلية عند مريض مصاب بمرض وعاني وقلبي وبقي هبوط الضغط فيه على حاله فإن معدل جريان الدم ينخفض إلى :,إذا تضيق قطر الشريان إلى ثلث قيمته الأصلية عند مريض مصاب بمرض وعائي وقلبي وبقي هبوط الضغط فيه على حاله، إلى كم ينخفض معدل جريان الدم؟,.. 1/16 من قيمته الأصلية.,81/1 من قيمته الأصلية .,1/6 من قيمته الأصلية.,27/1 من قيمته الأصلية .,,,B,ABCD,81/1 من قيمته الأصلية .,
3096,Y1,Gastroenterology,Internal Medicine,السكريات التي لا تحتاج أثناء امتصاصها من الأمعاء الدقيقة لوجود الصوديوم هي:,ما هي السكريات التي لا تحتاج أثناء امتصاصها من الأمعاء الدقيقة لوجود الصوديوم؟,الغلوكوز.,الفركتوز.,الغالاكتوز.,اللاكتوز.,,,B,ABCD,الفركتوز.,
3099,Y1,Gastroenterology,Internal Medicine,الأنزيم المعوي الذي يحول مولد التربسين إلى تربسين هو:,ما هو الأنزيم المعوي الذي يحول مولد التربسين إلى تربسين؟,الإنتيروكيناز.,الأمينوبولي ببتيداز.,المالتاز.,الليباز.,,,A,ABCD,الإنتيروكيناز.,
3100,Y1,Gastroenterology,Internal Medicine,العامل الهرموني الذي يحرض إفراز عصارة بنكرياسية غنية بالإنزيمات الهاضمة هو:,ما هو العامل الهرموني الذي يحرض إفراز عصارة بنكرياسية غنية بالإنزيمات الهاضمة؟,الكوليسيستوكينين CCK,السكرتين.,الغاسترين.,الهيستامين.,,,A,ABCD,الكوليسيستوكينين CCK,
3101,Y1,Gastroenterology,Internal Medicine,الإنزيم الذي يفكك سكر اللبن (اللاكتوز) إلى غلوكوز وغالاكتوز:,ما هو الإنزيم الذي يفكك سكر اللبن (اللاكتوز) إلى غلوكوز وغالاكتوز؟,الإنتيروكيناز.,الأمينو ببتيداز.,السكراز.,اللاكتاز.,,,D,ABCD,اللاكتاز.,
3109,Y1,Gastroenterology,Internal Medicine,مستودع الصفراء خارج أوقات الهضم ويعمل على تكثيفها:,ما هو مستودع الصفراء خارج أوقات الهضم والذي يعمل على تكثيفها؟,البنكرياس.,جزر لانغرهانس.,الكبد.,المرارة.,,,D,ABCD,المرارة.,
3115,Y1,Gastroenterology,Internal Medicine,الشوارد التي يكون تركيزها أقل في اللعاب منه في البلازما:,ما هي الشوارد التي يكون تركيزها أقل في اللعاب منه في البلازما؟,صوديوم وبيكربونات.,صوديوم وكلور.,بيكربونات وكلور.,بوتاسيوم وكلور.,,,B,ABCD,صوديوم وكلور.,
3117,Y1,Gastroenterology,Internal Medicine,هرمون يحفز إفراز عصارة بنكرياسية غنية بالأنزيمات الهاضمة:,ما هو الهرمون الذي يحفز إفراز عصارة بنكرياسية غنية بالأنزيمات الهاضمة؟,السكرتين.,الكوليسيستوكينين CCK,الغاسترين.,الهيستامين.,,,B,ABCD,الكوليسيستوكينين CCK,
3118,Y1,Gastroenterology,Internal Medicine,سكر لا يحتاج للصوديوم من أجل عملية امتصاصه:,ما هو السكر الذي لا يحتاج للصوديوم من أجل عملية امتصاصه؟,الغلوكوز.,الغالاكتوز.,الفركتوز.,السكروز.,,,C,ABCD,الفركتوز.,
3120,Y1,Neurology,Internal Medicine,الناقل العصبي الذي يتحرر من العصبونات بعد العقدة في القسم الودي هو:,ما هو الناقل العصبي الذي يتحرر من العصبونات بعد العقدة في القسم الودي؟,أستيل كولين.,نورابينفرين.,أدرينالين.,النورابينفرين أو الأستيل كولين.,,,D,ABCD,النورابينفرين أو الأستيل كولين.,
3121,Y1,Neurology,Internal Medicine,يتحدد نمط استجابة العضو المعصب بواسطة الجهاز العصبي المستقل (استثارة أو تثبيط) بـ:,ما الذي يحدد نمط استجابة العضو المعصب بواسطة الجهاز العصبي المستقل (استثارة أو تثبيط)؟,كونه معصب بالقسم الودي.,كونه معصب بالقسم اللاودي.,كونه معصب بالقسمين معاً.,نمط المستقبلات الموجودة في العضو.,,,D,ABCD,نمط المستقبلات الموجودة في العضو.,
3127,Y1,Neurology,Internal Medicine,الناقل الكيميائي الذي تحرره جميع العصبونات قبل العقدة هو:,ما هو الناقل الكيميائي الذي تحرره جميع العصبونات قبل العقدة؟,الأستيل كولين.,السيروتونين.,الأدرينالين.,النور أدرينالين.,,,A,ABCD,الأستيل كولين.,
3130,Y1,Neurology,Internal Medicine,جميع الألياف اللا ودية بعد العقدية يتحرر من طرفياتها:,ما هو الناقل العصبي الذي يتحرر من طرفيات جميع الألياف اللاودية بعد العقدية؟,أستيل كولين.,نور أدرينالين.,دوبامين.,أستيل التميم A.,,,A,ABCD,أستيل كولين.,
3140,Y1,Cardiology,Internal Medicine,الميزة التي تتمتع بها قنوات IF في النسيج العقدي القلبي التي يمكنها من توليد التنبيه عفوياً:,ما هي الميزة التي تتمتع بها قنوات IF في النسيج العقدي القلبي التي تمكنها من توليد التنبيه عفوياً؟,عندما تنفتح يتجاوز التيار الداخل من الصوديوم التيار الخارج من البوتاسيوم,عندما تنفتح يتجاوز التيار الخارج من البوتاسيوم التيار الداخل من الصوديوم,تتأثر هذه القنوات بالأدرينالين أكثر من الأستيل كولين,تبقى هذه القنوات مفتوحة خلال كامل فترة زوال الاستقطاب,,,A,ABCD,عندما تنفتح يتجاوز التيار الداخل من الصوديوم التيار الخارج من البوتاسيوم,
3141,Y1,Cardiology,Internal Medicine,الفائدة الوظيفية من التأخير الزمني في لكامن الفعل لمدة 0.1 ثانية عند مروره في العقدة الأذينية البطينية هو:,ما هي الفائدة الوظيفية من التأخير الزمني في كمون الفعل لمدة 0.1 ثانية عند مروره في العقدة الأذينية البطينية؟,إنهاء تقلص الأذينات قبل بدء تقلص البطينات.,يطيل فترة تقلص الأذينة.,يطيل فترة كامن الفعل.,يحمي عضلة القلب من التكزز.,,,A,ABCD,إنهاء تقلص الأذينات قبل بدء تقلص البطينات.,
3147,Y1,Cardiology,Internal Medicine,في حال توقف العقدة الجيبية الأذينية عن العمل فإن البطينات:,ماذا يحدث للبطينات في حال توقف العقدة الجيبية الأذينية عن العمل؟,تتوقف عن العمل,تتباطأ انقباضاتها,تتسرع انقباضاتها,لا تتأثر,,,B,ABCD,تتباطأ انقباضاتها,
3149,Y1,Cardiology,Internal Medicine,سبب ظهور طور الهضبة في كامن فعل العضلة القلبية هو:,ما هو سبب ظهور طور الهضبة في كامن فعل العضلة القلبية؟,دخول شوارد الكالسيوم.,دخول شوارد الصوديوم.,عدم دخول شوارد البوتاسيوم.,ليس أياً مما سبق.,,,A,ABCD,دخول شوارد الكالسيوم.,
3152,Y1,Cardiology,Internal Medicine,يعود طور الهضبة في كمون عمل الليف العضلي القلبي إلى انفتاح أقنية:,ما هو سبب طور الهضبة في كمون عمل الليف العضلي القلبي؟,الصوديوم.,الكالسيوم.,البوتاسيوم.,الكلور.,,,B,ABCD,الكالسيوم.,
3175,Y4,Oncology,Internal Medicine,تلعب المعالجة الإشعاعية دوراً هاما في علاج أورام الخصية من النمط المنوي وذلك بتطبيقها على :,ما هي المناطق التي تطبق عليها المعالجة الإشعاعية في علاج أورام الخصية من النمط المنوي؟,الورم البدني,سلسلة العقد اللمفاوية الحرقفية والأبهرية,سلسلة العقد الإربية,المنصف,التقائل الرئوية,,B,ABCDE,سلسلة العقد اللمفاوية الحرقفية والأبهرية,
3180,Y4,Oncology,Internal Medicine,لا تعتبر المعالجة الشعاعية معالجة شافية إذا استخدمت لوحدها في المراحل المبكرة من أورام :,ما هي الأورام التي لا تعتبر المعالجة الشعاعية معالجة شافية لها إذا استخدمت لوحدها في المراحل المبكرة؟,اللسان,الحبل الصوتي,الثدي,البروستات,عنق الرحم,,C,ABCDE,الثدي,
3186,Y4,Oncology,Internal Medicine,في حال تقرر إجراء تشعيع وقائي للقحف بجرعة ٢ غري في كل جلسة فإن الجرعة الكلية الموصى بها :,ما هي الجرعة الكلية الموصى بها في حال تقرر إجراء تشعيع وقائي للقحف بجرعة ٢ غري في كل جلسة؟,۱۸ غري,٢٤ غري,٣٠ غري,٣٦ غري,٤٢ غري,,C,ABCDE,٣٠ غري,
3187,Y4,Oncology,Internal Medicine,عند إجراء المعالجة الشعاعية بطريق التجزئة المفرطة فإن الزمن الأقل الفاصل بين كل جلستين هو :,ما هو الزمن الأقل الفاصل بين كل جلستين عند إجراء المعالجة الشعاعية بطريق التجزئة المفرطة؟,ساعتان,٣ ساعات,٤ ساعات,٥ ساعات,٦ ساعات,,E,ABCDE,٦ ساعات,
3191,Y1,Gastroenterology,Internal Medicine,يحول مولد الببسين إلى ببسين:,ما الذي يحول مولد الببسين إلى ببسين؟,حمض كلور الماء الموجود في المعدة.,العامل الداخلي.,الفيتامين B12,الغلوكاغون.,السوماتوستائين.,,A,ABCDE,حمض كلور الماء الموجود في المعدة.,
3202,Y5,Neurology,Internal Medicine,عمي ربعي علوي أيمن مماثل يحدث بسبب إصابة في:,ما هو سبب حدوث عمى ربعي علوي أيمن مماثل؟,الفصل الصدغي,الفصل الجداري,العصب البصري,التصالب البصري,السبيل البصري,,A,ABCDE,الفصل الصدغي,
3207,Y5,Neurology,Internal Medicine,الصداع المزمن هو الصداع الذي يتطور خلال أكثر من:,ما هي المدة الزمنية التي يتطور خلالها الصداع المزمن؟,أسبوعين,3أسابيع,4أسابيع,6أسابيع,8أسابيع,,C,ABCDE,4أسابيع,
3209,Y5,Neurology,Internal Medicine,صداع غير نابض ثنائي الجانب قد يرتبط بتشنج عضلات الرقبة:,ما هو نوع الصداع غير النابض ثنائي الجانب الذي قد يرتبط بتشنج عضلات الرقبة؟,الشقيقة,الصداع العنقودي,صداع التوتر,ألم العصب مثلث التوائم,الألم العصبي التالي للهوبس,,C,ABCDE,صداع التوتر,
3284,Y3,Microbiology,Microbiology,يحدث التكيس للجيارديا اللمبلية في:,أين يحدث التكيس للجيارديا اللمبلية؟,التراب,القولونات,الماء,أثناء التغوط,الصائم,,D,ABCDE,أثناء التغوط,
3288,Y3,Microbiology,Microbiology,الذبابة ذهبية العيون Chrysop هي ثوي ناقل ل,ما هي الذبابة ذهبية العيون Chrysop ثوي ناقل له؟,الفخرية البنكروفتية,كلابية الذئب الملتوية,اللوا لوا,المحرشفة الصغيرة,المثقبية الكروزية,,C,ABCDE,اللوا لوا,
3293,Y3,Microbiology,Microbiology,تظهر إيجابية اختبار سابين فيلدمان بعد العدوى ب:,ما هي الفترة الزمنية الذي تظهر فيها إيجابية اختبار سابين فيلدمان بعد العدوى به؟,24 ساعة,1-2 أسبوع,4-6 أسبوع,ثلاثة أشهر,ستة أشهر,,B,ABCDE,1-2 أسبوع,ما هي الفترة الزمنية الذي تظهر فيها إيجابية اختبار سابين فيلدمان بعد العدوى به؟
3315,Y3,Microbiology,Microbiology,تنتهي المرحلة الخارج خلوية للمتصورات بتحرر:,ما الذي تنتهي به المرحلة الخارج خلوية للمتصورات؟,الأقاسيم المتحركة,المتقسمة,الشكل الخاتمي,الشكل الأميبي,الحيوانات البوغية,,A,ABCDE,الأقاسيم المتحركة,
3335,Y3,Microbiology,Microbiology,تتكاثر خبيطيات الفخرية البنكروفتية في:,أين تتكاثر خبيطيات الفخرية البنكروفتية؟,امعاء البعوض,الغدد اللعابية للبعوض,الأوعية اللمفاوية للانسان,أمعاء الانسان,جوف الجوادف,,C,ABCDE,الأوعية اللمفاوية للانسان,
3336,Y3,Microbiology,Microbiology,يستخدم عقار melarsporol في علاج:,ما هو المرض الذي يستخدم عقار melarsporol في علاجه؟,الأسطوانية البرازية,الشعرية الحلزونية,الفخرية البنكروفيتية,المثقبية الغامبية,التنينة المدينية,,D,ABCDE,المثقبية الغامبية,
3338,Y3,Microbiology,Microbiology,هناك امكانية لانتقال العدوى الطفيلية من شخص لاخر عند الخمج التالي ب,ما هو الخمج الطفيلي الذي يمكن أن ينتقل من شخص لآخر؟,الصفر الخراطيني,الملقوة العنجية,المسلكة شعرية الرأس,المرمية الدودية,المشوكة الحبيبية,,D,ABCDE,المرمية الدودية,
3341,Y3,Microbiology,Microbiology,أفضل أماكن الخزع التشخيصية القندية في جسم الإنسان:,ما هي أفضل أماكن الخزع التشخيصية القندية في جسم الإنسان؟,الكبد,الطحال,الدماغ,العقد اللمفاوية,الدم ونقي العظم,,B,ABCDE,الطحال,
3365,Y3,Microbiology,Microbiology,المسبب لداء هجرة اليرقات الجلدي :,ما هو المسبب لداء هجرة اليرقات الجلدي؟,الشريطية,الديدان القوسية,الشعرية الحلزونية,مشركة الشفة اللجوجة,,,B,ABCDE,الديدان القوسية,
3371,Y3,Microbiology,Microbiology,العلاج المناسب المتحولة العصبية: naegleria fowleria,ما هو العلاج المناسب للمتحولة العصبية naegleria fowleri؟,البرازيكونتيل,النيكلوساميد,الأمفوتريسين,الكينين,المترونيدازول,,C,ABCDE,الأمفوتريسين,
3386,Y3,Microbiology,Microbiology,تتوضع يرقات الأسطوانية الوعائية عند الإنسان في,أين تتوضع يرقات الأسطوانية الوعائية عند الإنسان؟,الرئة,العضلات,الدم,الجهاز العصبي المركزي,الأمعاء,,D,ABCDE,الجهاز العصبي المركزي,
3408,Y3,Microbiology,Microbiology,الشكل المعدي للانسان من متفرعة الخصية الصينية,ما هو الشكل المعدي للإنسان من متفرعة الخصية الصينية؟,البيضة,خليفة المذنبة,الحيوان البوغي,المذنب,المهذبة .,,B,ABCDE,خليفة المذنبة,
3410,Y3,Microbiology,Microbiology,تتوضع الأسطوانية البرازية عند الإنسان في,أين تتوضع الأسطوانية البرازية عند الإنسان؟,الجزء النهائي من الدقاق,الجزء الأمامي من الصائم,الاثنى عشر,الأعور,القولونات,,B,ABCDE,الجزء الأمامي من الصائم,
3472,Y5,Ophthalmology,Ophthalmology,العصب الذي يصاب في متلازمة قاع الحجاج هو :,ما هو العصب الذي يصاب في متلازمة قاع الحجاج؟,العصب العيني,العصب الوجهي,العصب الفكي العلوي,العصب الدمعي,العصب المحرك العيني,,C,ABCDE,العصب الفكي العلوي,
3499,Y5,Ophthalmology,Ophthalmology,الحول المتقارب تعريفا هو الحالة التي:,ما هو تعريف الحول المتقارب؟,لا يتلاقى فيها المحوران البصريان عند الجسم المنظور,يتلاقى فيها المحوران البصريان في نقطة تقع أمام الجسم المنظور,يتلاقى فيها المحوران البصريان في نقطة تقع خلف الجسم المنظور,يتلاقي فيها محورا الرؤية في نقطة تقع أمام الجسم المنظور,يتلاقى فيها محورا الرؤية في نقطة تقع خلف الجسم المنظور,,D,ABCDE,يتلاقي فيها محورا الرؤية في نقطة تقع أمام الجسم المنظور,
3514,Y5,Ophthalmology,Ophthalmology,يحدث فيض الدمع Epiphora بسبب:,ما هي أسباب حدوث فيض الدمع Epiphora؟,زيادة إفراز الدمع الأساسي,تخريش الملتحمة,نقص إفراز أساسي مع زيادة إفراز انعكاسي,نقص في التصريف,لا شيء مما ذكر,,D,ABCDE,نقص في التصريف,
3527,Y5,Ophthalmology,Ophthalmology,تقع حفيرة البكرة في الجدار العلوي للحجاج في قسمه :,أين تقع حفيرة البكرة في الجدار العلوي للحجاج؟,الأمامي الوحشي,الأمامي الأنسي,الخلفي الوحشي,الخلفي الأنسي,لا تفع في الجدار العلوي,,B,ABCDE,الأمامي الأنسي,
3542,Y5,Ophthalmology,Ophthalmology,تشكل القرنية من سطح غلاف كرة العين الليفي :,ما هي النسبة التي تشكلها القرنية من سطح غلاف كرة العين الليفي؟,النصف الأمامي,الثلث الأمامي,الربع الأمامي,الخمس الأمامي,السدس الأمامي,,E,ABCDE,السدس الأمامي,
3554,Y5,Ophthalmology,Ophthalmology,أكثر تنكسات القرنية شيوعا هو :,ما هو أكثر تنكسات القرنية شيوعاً؟,القرنية العرطلة,القوس الشيخية,القرنية المخروطية,حثل الاندوتيليوم الوراثي,تصلب القرنية,,B,ABCDE,القوس الشيخية,
3580,Y5,Ophthalmology,Ophthalmology,تشاهد الرؤية المزدوجة الأحادية الجانب في:,ما هي الحالات التي تشاهد فيها الرؤية المزدوجة الأحادية الجانب؟,الحول الشللي,تحت خلع العدسة,الحول التوافقي,التهاب القزحية والجسم الهدبي,انفصال شبكية,,B,ABCDE,تحت خلع العدسة,
3601,Y5,Ophthalmology,Ophthalmology,تشاهد حلقة كاي زر- فليشر عند المرضى المصابين ب :,ما هو المرض الذي يشاهد فيه حلقة كاي زر- فليشر عند المرضى؟,الزهري,الإيدز,داء ويلسون,عوز فيتامين A,الحلأ النطاقي,,C,ABCDE,داء ويلسون,
3607,Y5,Ophthalmology,Ophthalmology,في الحالات المعندة وغير المستجيبة للعلاج في الورم الكاذب للحجاج يجب:,ما الذي يجب فعله في الحالات المعندة وغير المستجيبة للعلاج في الورم الكاذب للحجاج؟,الاستمرار في استخدام الصادات,اللجوء للجراحة فورا,الاستمرار في المراقبة,يجب اخذ خزعة من الورم,,,D,ABCD,يجب اخذ خزعة من الورم,
3609,Y5,Ophthalmology,Ophthalmology,إن إصابة الشعبة العينية من العصب الخامس في متلازمة الشق الحجاجي العلوي تؤدي إلى:,ما هي النتائج التي تؤدي إليها إصابة الشعبة العينية من العصب الخامس في متلازمة الشق الحجاجي العلوي؟,فقد حس الملتحمة والقرنية,شلل حركي تام للعين,جحوظ مقلة,حول انسي,,,A,ABCD,فقد حس الملتحمة والقرنية,
3620,Y5,Ophthalmology,Ophthalmology,مريض عمره 65 سنة لديه فقد رؤية في النصف العلوي من الساحة البصرية البدء مفاجئ التشخيص الأقرب:,ما هو التشخيص الأقرب لمريض عمره 65 سنة لديه فقد رؤية في النصف العلوي من الساحة البصرية مع بدء مفاجئ؟,ضمور عصب بصري,خثرة الوريد الشبكي المركزي,التهاب العصب البصري الاقفاري,التهاب العصب البصري خلف المقلة,,,C,ABCD,التهاب العصب البصري الاقفاري,
3667,Y5,Ophthalmology,Ophthalmology,ظهور تقبب على شكل حويصل أسود في قعر القرحة القرنية الجرثومية يدل على :,ما الذي يدل عليه ظهور تقبب على شكل حويصل أسود في قعر القرحة القرنية الجرثومية؟,بداية ظهور القرحة,مرحلة شفاء القرحة,غزاراة الجراثيم في القرحة,تقبب غشاء ديسميه وخطر انثقابه,ليس له أي دلالة,,D,ABCDE,تقبب غشاء ديسميه وخطر انثقابه,
3680,Y5,Ophthalmology,Ophthalmology,إذا لم يتمكن المريض من قراءة أكبر أحرف اللوحة، الطريق التالية لتقدير حدة البصر لديه:,ما هي الطريقة التالية لتقدير حدة البصر لدى المريض إذا لم يتمكن من قراءة أكبر أحرف اللوحة؟,بعد أصابع الفاحص,بتحريك يد الفاحص أمام عين المريض,باستخدام منبع ضوئي متحرك من الجهات الأربعة,نعتبر أن حدة البصر معدومة,كل الإجابات السابقة خاطئة,,A,ABCDE,بعد أصابع الفاحص,
3683,Y5,Ophthalmology,Ophthalmology,في الحول الشئلي عند البالغين يشكو المريض من:,ما الذي يشكو منه المريض في الحول الشللي عند البالغين؟,تدهور حدة الرؤية,رؤية مزدوجة,حول متناوب,كل ما سبق صح,كسل وظيفي,,B,ABCDE,رؤية مزدوجة,
3700,Y2,Pathology,Pathology,ينعدم يوروبيلينوجين البول في,متى ينعدم يوروبيلينوجين البول؟,اليرقان الانحلالي,اليرقان الكبدي,اليرقان الانسدادي,كل ماسبق خطأ,,,C,ABCD,اليرقان الانسدادي,
3702,Y2,Pathology,Pathology,في الاحتباس الصفراوي ما هو الانزيم الافضل للوصول للتشخيص,في الاحتباس الصفراوي ما هو الانزيم الأفضل للوصول للتشخيص؟,ALT,اميلاز,ليباز,كل ماسبق خطأ,,,A,ABCD,ALT,
3713,Y2,Pathology,Pathology,نتيجة رحلان البروتينات في الالتهابات الحادة :,ما هي نتيجة رحلان البروتينات في الالتهابات الحادة؟,ترتفع الموجة a_2غلوبيولين وتنخفض موجة الالبومين,ترتفع الموجة a_2غلوبيولين وترتفع الموجة a_1غلوبيولين,ترتفع موجة الالبومين وترتفع موجة غاما غلوبيولين,يرتفع موجة a_1غلوبيولين وترتفع الموجة β,,,B,ABCD,ترتفع الموجة a_2غلوبيولين وترتفع الموجة a_1غلوبيولين,
3720,Y2,Pathology,Pathology,المركب الذي يتم اصطناعه بدءا من الحموض الأمينية هو:,ما هو المركب الذي يتم اصطناعه بدءا من الحموض الأمينية؟,الكوليسترول,أمونيا,البيريدوكسامين,الكولين,,,B,ABCD,أمونيا,
3730,Y2,Pathology,Pathology,من اعراض فقر الدم بعوز الحديد عند المريض,ما هي أعراض فقر الدم بعوز الحديد عند المريض؟,الصداع,الشحوب,التكزز,ضخامة الطحال,,,B,ABCD,الشحوب,
3731,Y2,Pathology,Pathology,مريضة عمرها 44 سنة تشكو من تعب عام، تم إجراء الاختبارات الكيميائية فكانت قيمة البولة الدموية 140 (13) ملغ دل وقيمة الكرياتنين هي 6 ملغ دل وحمض البول 4 ملغ دل. المريضة تعاني من حالة هي:,ما هي الحالة التي تعاني منها مريضة عمرها 44 سنة تشكو من تعب عام وكانت قيمة البولة الدموية 140 ملغ/دل وقيمة الكرياتنين 6 ملغ/دل وحمض البول 4 ملغ/دل؟,النقرص,اليوريميا,الازوتيميا قبل الكلوية,"الازوتيميا بعد الكلوية 
 التوضيح : نلاحظ وجود ارتفاع متناسب بين البولة والكرياتينيم مما يؤدي لانها حالة ازوتيميا كلوية.",,,B,ABCD,اليوريميا,
3733,Y2,Pathology,Pathology,سبب تشمع الكبد عند مريض عمره 12 سنة هو:,ما هو سبب تشمع الكبد عند مريض عمره 12 سنة؟,عوز الحديد,داء ويلسون,فرط حمولة الحديد,نقص المغنزيوم,,,B,ABCD,داء ويلسون,
3734,Y2,Pathology,Pathology,مريض عمره 12 سنة يشكو من قصور ( تشمع كبد ) احتمال أن يكون:,ما هو الاحتمال الأكثر ترجيحاً لسبب تشمع الكبد عند مريض عمره 12 سنة؟,نقص مغنيزيوم,عوز الحديد,داء ويلسون,فرط حمولة الحديد,,,C,ABCD,داء ويلسون,
3736,Y2,Pathology,Pathology,مريض عنده الغلوكوز 210 ملغ / دل فهو :,ما هو تصنيف مريض عنده الغلوكوز 210 ملغ / دل؟,شخص سليم,مريض سكري,لديه عدم تحمل السكر مطلقاً,ليس أي مما سبق,,,B,ABCD,مريض سكري,
3737,Y2,Pathology,Pathology,مريض تم تحليل الغلوكوز الصيامى له فكانت النتيجة : 128 ملغ /دل فهو :,ما هو تصنيف مريض تم تحليل الغلوكوز الصيامي له فكانت النتيجة 128 ملغ/دل؟,شخص طبيعي,مريض سكري,معه اضطراب تحمل السكر صيامي,ليس أي مما سبق,,,B,ABCD,مريض سكري,
3738,Y3,Pharmacology,Pharmacology,المركب ايتلين ديامين تترا استات مركب لاقط لـ :,ما هو المركب الذي يعتبر ايتلين ديامين تترا استات مركباً لاقطاً له؟,الحديد,النحاس,الكالسيوم,الصوديوم,البوتاسيوم,,C,ABCDE,الكالسيوم,
3739,Y3,Pharmacology,Pharmacology,مركب يستخدم في تدبير حمى البحر الابيض المتوسط,ما هو المركب الذي يستخدم في تدبير حمى البحر الأبيض المتوسط؟,الايميتين,الكولشيمين,داي بيريدامول,الريزربين,لوسارتان,,B,ABCDE,الكولشيمين,
3742,Y3,Pharmacology,Pharmacology,داء الفقاع المحرض دوائياً يعود للنمط التحسسي:,ما هو النمط التحسسي الذي يعود إليه داء الفقاع المحرض دوائياً؟,الأول.,الثاني.,الثالث.,الرابع.,الخامس.,,B,ABCDE,الثاني.,
3743,Y3,Pharmacology,Pharmacology,آلية تاثير المركب دابيريدامول تعتمد على:,ما هي آلية تأثير المركب دابيريدامول؟,تثبيط PDE,تنشيط مستقبلات ال GABAA,قفل مستقبلات ال GABAA,تثبيط نشاط مستقبلات NMDA,تنشيط مستقبلات NMDA,,A,ABCDE,تثبيط PDE,
3774,Y3,Pharmacology,Pharmacology,"إذا كانت جرعة دواء عند البالغ ۱۰۰ ملغ فإن جرعته عند طفل وزنه 17,5 كغ هي:","ما هي جرعة الدواء عند طفل وزنه 17,5 كغ إذا كانت جرعة البالغ 100 ملغ؟",50 ملغ .,. 17.5 ملغ.,25 ملغ.,. 37.5 ملغ.,35 ملغ.,,C,ABCDE,25 ملغ.,
3792,Y3,Pharmacology,Pharmacology,إن معدل التصفية الكلوية للكرياتينين عند رجل عمره 40 سنة ومستوى كرياتينين الدم 1 ملغ دل و وزنه ۷۲ كغ مقدرة بـ مل / د هي :,ما هو معدل التصفية الكلوية للكرياتينين عند رجل عمره 40 سنة ومستوى كرياتينين الدم 1 ملغ/دل ووزنه 72 كغ؟,80,100,120,140 .,كل ماسبق خطا,,B,ABCDE,100,
3804,Y2,Physiology,Physiology,خلايا تقوم بإفراز بروتين برفورين الذي يفتح ثقوب في غشاء الخلية الهدف :,ما هي الخلايا التي تقوم بإفراز بروتين برفورين الذي يفتح ثقوب في غشاء الخلية الهدف؟,الخلايا المساعدة.,الخلايا القاتلة.,الخلايا الذاكرة.,الخلايا الكابتة,,,B,ABCD,الخلايا القاتلة.,
3807,Y1,Physiology,Physiology,- كلما زاد الوزن الجزيئي للغاز:,كيف يتأثر الغاز كلما زاد وزنه الجزيئي؟,ازداد معدل الانتشار.,انخفض معدل الانتشار.,لم يتأثر معدل الانتشار.,ازدادت السرعة التي تتحرك بها الجزيئات.,,,B,ABCD,انخفض معدل الانتشار.,
3809,Y2,Physiology,Physiology,المبدأ الأساسي للتشتت هو:,ما هو المبدأ الأساسي للتشتت؟,الانكسار,الانتشار,الانعكاس,الامتصاص,,,B,ABCD,الانتشار,
3810,Y1,Physiology,Physiology,الدور الأساسي للعامل السابع هو تسريع تشكل العامل:,ما هو العامل الذي يسرع العامل السابع تشكله؟,الاول,الثالث,الخامس,العاشر,,,B,ABCD,الثالث,
3813,Y2,Physiology,Physiology,السائل داخل الخلايا يكون في,ما هو السائل الموجود داخل الخلايا؟,الخلط المائي و الزجاج للعين.,سوائل غشاء الجنبة والتامور.,السيتوبلازما.,الأكياس الزليلة للمفاصل.,,,C,ABCD,السيتوبلازما.,
3816,Y1,Physiology,Physiology,مقدرة شخص على ادراك منبهيين لمسيين مطبقين على منطقة من سطح الجسم على انهما منفصلتان :,ما هي مقدرة شخص على إدراك منبهين لمسيين مطبقين على منطقة من سطح الجسم على أنهما منفصلان؟,التعرف الحيزي,تمييز حس النقطتين,الحس المجسم,اضطراب نظم,,,B,ABCD,تمييز حس النقطتين,
3817,Y1,Physiology,Physiology,سبب عدم قدرة ألياف الجهاز العصبي المركزي على التجدد هو:,ما هو سبب عدم قدرة ألياف الجهاز العصبي المركزي على التجدد؟,غياب النخاعين في معظم الألياف,قصر المحور الأسطواني لهذه الألياف,غياب غمد شوان,عدم وجود الخلايا الدبقية قليلة التغصنات,,,C,ABCD,غياب غمد شوان,
3820,Y2,Physiology,Physiology,أن النسخ السيولوجية شفافة نسبيا في المجال:,ما هو المجال الذي تكون فيه النسخ السيتولوجية شفافة نسبياً؟,فوق البنفسجي,تحت الأحمر القريب,تحت الأحمر المتوسط,تحت الأحمر البعيد,,,B,ABCD,تحت الأحمر القريب,
3823,Y1,Physiology,Physiology,. العامل الرئيسي الذي يحدد ارتباط الأكسجين بخضاب الدم هو:,ما هو العامل الرئيسي الذي يحدد ارتباط الأكسجين بخضاب الدم؟,الضغط الجزئي للأوكسجين في الدم PO2.,تركيز ثنائي أوكسيد الكربون في الدم PCO2.,تركيز شوارد الهيدروجين في الدم.,تركيز 2.3 ثنائي فوسفات الغليسيرات DPG في الدم.,,,A,ABCD,الضغط الجزئي للأوكسجين في الدم PO2.,
3828,Y2,Physiology,Physiology,العامل ٣ مع ca يؤدي الى :,ما الذي يؤدي إليه العامل ٣ مع الكالسيوم؟,تلقيم راجع سلبي للثرومبين.,تلقيم راجع إيجابي للثرومبين.,تنشيط العامل ال ٦.,تثبيط سبل التخثر.,,,B,ABCD,تلقيم راجع إيجابي للثرومبين.,
3831,Y2,Physiology,Physiology,في التلاسيميا يزداد الانحلال عند :,متى يزداد الانحلال في التلاسيميا؟,التعرض للشدة والحمى.,عند انخفاض دراجة الحرارة.,عند استئصال الطحال.,عند ظهور تكتلات ورمية.,,,A,ABCD,التعرض للشدة والحمى.,
3832,Y1,Physiology,Physiology,الفيتامين الأساسي في عملية تشكيل عوامل التخثر:,ما هو الفيتامين الأساسي في عملية تشكيل عوامل التخثر؟,A,B,C,K,,,D,ABCD,K,
3838,Y1,Physiology,Physiology,دراسة آلية و توليد و نقل كوامن الفعل فى القلب هي جزء من الفيزيولوجيا على المستوى (سؤال ربط مع الفصل الخامس ),ما هو المستوى من الفيزيولوجيا الذي تنتمي إليه دراسة آلية وتوليد ونقل كوامن الفعل في القلب؟,الخلوي,النسيجي,الجهازي,الكائن الحي ككل,,,B,ABCD,النسيجي,
3839,Y1,Physiology,Physiology,توجد المستقبالت النيكوتينية في الأماكن التالية:,أين توجد المستقبلات النيكوتينية؟,في المشابك بين العصبونات قبل العقدية وبعد العقدية للودي,في المشابك بين العصبونات قبل العقدية وبعد العقدية نظير الودية,أغشية خلايا العضالت الهيكلية,العقدة الجيبية الأذينية في القلب,,,D,ABCD,العقدة الجيبية الأذينية في القلب,
3848,Y1,Physiology,Physiology,تعتمد سرعة انتشار الأوكسجين عبر غشاء الخلية على:,ما الذي تعتمد عليه سرعة انتشار الأوكسجين عبر غشاء الخلية؟,كمية البروتينات في الغشاء الخلوي,مقدار ذوبانه في الشحوم,وظيفة الخلية,كل مما سبق خاطئ,,,B,ABCD,مقدار ذوبانه في الشحوم,
3852,Y1,Physiology,Physiology,عندما يصل التيروكسين الى المستوى الدوراني المطلوب:,ماذا يحدث عندما يصل التيروكسين إلى المستوى الدوراني المطلوب؟,تتحرض الغدة النخامية لافراز THS,ترسل الخلايا المتأثرة به إشارات تلقيم ايجابي,تتوقف الغدة النخامية عن افراز THS,كل ما سبق صحيح,,,C,ABCD,تتوقف الغدة النخامية عن افراز THS,
3853,Y1,Physiology,Physiology,الوظيفة الرئيسية للعقدة الأذينية البطينية في الحالت السوية:,ما هي الوظيفة الرئيسية للعقدة الأذينية البطينية في الحالات السوية؟,توليد إشارات تجعلها ناظمة للقلب,"تأخير زمن مرور الإشارة بمقدار ,1 0 ثانية",تأمين المقوية الودية للقلب,تأمين وصول الإشارات إلى شغاف القلب,,,A,ABCD,توليد إشارات تجعلها ناظمة للقلب,
3855,Y1,Physiology,Physiology,تحّرض العوامل التالية إفراز عصارة بنكرياسية غنّية بالإنزيمات:,ما هي العوامل التي تحرض إفراز عصارة بنكرياسية غنية بالإنزيمات؟,الأستيل كولين والكوليسيستوكينين,الأستيل كولين والسكرتين,السكرتين والكوليسيستوكينين,السكرتين والغاسترين,,,A,ABCD,الأستيل كولين والكوليسيستوكينين,
3857,Y1,Physiology,Physiology,يتم إعادة امتصاص القسم الأعظم من الماء المرتشح في مستوى:,أين يتم إعادة امتصاص القسم الأعظم من الماء المرتشح؟,النبيبات الدانية,عروة هانلي,النبيبات القاصية,النبيبات الجامعة,,,A,ABCD,النبيبات الدانية,
3861,Y1,Physiology,Physiology,الصوت الأول للقلب ناتج عن :,ما هو سبب الصوت الأول للقلب؟,لانغلاق الصمامات السينية,تقبض البطنيات,انغلاق الصمامات الأذينية البطينية,تقبض الاذينات,,,C,ABCD,انغلاق الصمامات الأذينية البطينية,
3866,Y1,Physiology,Physiology,الخلايا التي تمتلك أسرع النظم الأسرع من زوال الاستقطاب:,ما هي الخلايا التي تمتلك أسرع معدل لزوال الاستقطاب؟,العقدة الجيبية الأذينية.,العقدة الأذينية البطينية.,حزمة هيس.,ألياف بوركنجي.,,,A,ABCD,العقدة الجيبية الأذينية.,
3868,Y1,Physiology,Physiology,وظيفته تسريع عملية تشكل الترومبوبلاستين الصفيحي:,ما هو الذي وظيفته تسريع عملية تشكل الترومبوبلاستين الصفيحي؟,العامل الخامس,العامل الثالث,العامل السابع,العامل التاسع,,,C,ABCD,العامل السابع,
3869,Y1,Physiology,Physiology,يعمل على تسهيل الانتقال بين الشهيق والزفير :,ما الذي يعمل على تسهيل الانتقال بين الشهيق والزفير؟,المجموعة التنفسية الظهرية,المجموعة التنفسية البطنية,مولد النسق المركزي,مركز التنفس الجسري,,,D,ABCD,مركز التنفس الجسري,
3871,Y2,Physiology,Physiology,يزداد التخصص في الأسناخ الرئوية,ما الذي يزداد في الأسناخ الرئوية؟,بزيادة كمية السيرفاكتانت,بتضيق فوهة القصيبات,بزيادة قطر المنفذ,بزيادة نسبة التهوية على التروية,,,B,ABCDE,بتضيق فوهة القصيبات,
3872,Y1,Physiology,Physiology,يعرف بالموجهة الجسدية:,ما يعرف بالموجهة الجسدية؟,البرولاكتين,الموجهة الكظرية,هرمون النمو,الموجهة التناسلية,,,C,ABCD,هرمون النمو,
3874,Y1,Physiology,Physiology,العقدة الرأسية للجهاز العصبي المستقل هي:,ما هي العقدة الرأسية للجهاز العصبي المستقل؟,المخ,البصلة السيسانية,الوطاء,المهاد,,,C,ABCD,الوطاء,
3876,Y1,Physiology,Physiology,محطة رئيسية دماغية تتكامل فيها وظائف الجهاز العصبي المستقل مع وظائف البنى العصبية الأخرى:,ما هي المحطة الرئيسية الدماغية التي تتكامل فيها وظائف الجهاز العصبي المستقل مع وظائف البنى العصبية الأخرى؟,البصلة السيسائية,جسر الدماغ,الجسم اللوزي,الوطاء,,,D,ABCD,الوطاء,
3880,Y1,Physiology,Physiology,الناقل العصبي المحرر من طرفيات الألياف بعد العقدية فى القسم الودي :,ما هو الناقل العصبي المحرر من طرفيات الألياف بعد العقدية في القسم الودي؟,الأستيل كولين,النور أدرينالين,الاستيل كولين أو النور أدرينالين,الدوبامين,,,C,ABCD,الاستيل كولين أو النور أدرينالين,
3891,Y1,Physiology,Physiology,تؤدي خلايا سيرتولي في الخصية دواراً مهماً في:,ما هو الدور المهم الذي تؤديه خلايا سيرتولي في الخصية؟,إنتاج التستستيرون,تغذية النطاف,تثبيط الحاثةFSH,تحرض نمو وتطور الأعضاء التناسلية الظاهرة,,,B,ABCD,تغذية النطاف,
3897,Y2,Physiology,Physiology,يتروى النسيج الضام للرئة ب:,ما هو الذي يروي النسيج الضام للرئة؟,الشريان الرئوي.,الشريان الأبهر مباشرة.,الفروع القصبية للأبهر.,الفروع الرئوية للأبهر.,,,C,ABCD,الفروع القصبية للأبهر.,
3902,Y1,Physiology,Physiology,البوابات التي تتحكم بنفوذية القنوات للشوارد التي تسهم في تشكيل كامن الفعل:,ما هي البوابات التي تتحكم بنفوذية القنوات للشوارد التي تسهم في تشكيل كامن الفعل؟,القنوات المبوبة بالربيطة,قنوات البروتين,قنوات شحمية,القنوات المبوبة بالفولطاج,,,D,ABCD,القنوات المبوبة بالفولطاج,
3909,Y1,Physiology,Physiology,أجهزة التحكم والضبط والمراقبة في الجسم:,ما هي أجهزة التحكم والضبط والمراقبة في الجسم؟,جهاز الدوران,جهاز التنفس,العصبى الصماوى,جهاز الهضم,,,C,ABCD,العصبى الصماوى,
3914,Y1,Physiology,Physiology,تحررها نهايات المحاوير العصبية في المشابك والموصلات المشبكية :,ما هي المواد التي تحررها نهايات المحاوير العصبية في المشابك والموصلات المشبكية؟,النواقل عصبية,الهرمونات,الهرمونات العصبية الصماوية,السيتوكينات,,,A,ABCD,النواقل عصبية,
3916,Y1,Physiology,Physiology,الترانسفيرين ينقل:,ماذا ينقل الترانسفيرين؟,النحاس,الحديدي,الكلور,الأوكسجين,,,B,ABCD,الحديدي,
3918,Y1,Physiology,Physiology,الإحساس الذي يمكن أن ُيدرك كلياً في لمهاد هو:,ما هو الإحساس الذي يمكن أن يُدرك كلياً في المهاد؟,حس الألم,حس الحرارة,الإحساسات الجنسية,حس الدغدغة,,,A,ABCD,حس الألم,
3919,Y1,Physiology,Physiology,توجد المستقبلات المسكارينية في:,أين توجد المستقبلات المسكارينية؟,المشابك بين العصبونات قبل العقدية وبعد العقدية للجهاز اللاودي,العقد المستقلة,الخلايا المستجيبة للتنبيه بالعصبونات الكولينية الفعل بعد العقدية,الوصل العصبي العضلي,,,C,ABCD,الخلايا المستجيبة للتنبيه بالعصبونات الكولينية الفعل بعد العقدية,
3930,Y1,Physiology,Physiology,اذا كانت الكرية الحمراء لا تحوي مولد ارتصاص فتكون الزمرة:,ما هي الزمرة الدموية إذا كانت الكرية الحمراء لا تحوي مولد ارتصاص؟,A,B,AB,O,,,D,ABCD,O,
3935,Y1,Physiology,Physiology,ناظم القلب هو:,ما هو ناظم القلب؟,العقدة الأذينية البطينية.,حزمة هيس.,العقدة الجيبية.,ألياف بوركنج.,,,C,ABCD,العقدة الجيبية.,
3941,Y1,Physiology,Physiology,الجهاز الانزيمي في الخلايا البطانية السليمة يشكل اعتباراً من حمض الاراشيدونيك:,ما الذي يشكله الجهاز الانزيمي في الخلايا البطانية السليمة اعتباراً من حمض الاراشيدونيك؟,الترومبوكسان A2,البروستاسايكلين,السبروتين,ADP,,,A,ABCD,الترومبوكسان A2,
3948,Y1,Physiology,Physiology,تتناسب سرعة النقل في الالياف العصبية اللانخاعينية مع:,ما الذي تتناسب معه سرعة النقل في الألياف العصبية اللانخاعينية؟,الجذر التربيعي ل قطر الليف,الجذر التكعيبي ل قطر الليف,مربع قطر الليف,مع قطر الليف,,,A,ABCD,الجذر التربيعي ل قطر الليف,
3958,Y1,Physiology,Physiology,تقع أجسام عصبونات المرتبة الثانية للإلحساسات المنقولة بمسلك العمود الظهري في:,أين تقع أجسام عصبونات المرتبة الثانية للإحساسات المنقولة بمسلك العمود الظهري؟,النواتين الناحلة والإسفينية,القرن الخلفي للنخاع الشوكي,المهاد,التّشكلات الشبكية الصاعدة,,,C,ABCD,المهاد,
3960,Y1,Physiology,Physiology,تتناسب سرعة الانتشار البسيط:,ما هي العوامل التي تتناسب معها سرعة الانتشار البسيط؟,طردا مع تركيز المادة المنتشرة,طردا مع مدروج تركيز المادة المنتشرة,عكساً مع تركيز المادة المنتشرة,عكساً مع مدروج تركيز المادة المنتشرة,,,B,ABCD,طردا مع مدروج تركيز المادة المنتشرة,
3962,Y1,Physiology,Physiology,تحرر شوارد الكالسيوم من الشبكة الهيولية في العضلات الهيكلية يحدث بآلية:,ما هي آلية تحرر شوارد الكالسيوم من الشبكة الهيولية في العضلات الهيكلية؟,الانتشار,النقل المّيسر,النقل المرافق,النقل الفاعل الأولي,,,A,ABCD,الانتشار,
3964,Y1,Physiology,Physiology,ما يؤكد الدور األهم للمراكز الشوكية والبصلية في وظيفة الجهاز العصبي المستقل:,ما الذي يؤكد الدور الأهم للمراكز الشوكية والبصلية في وظيفة الجهاز العصبي المستقل؟,عدم حدوث تبدلت مهمة في وظائف الجهاز العصبي المستقبل عند قطع جذع الدماغ فوق مستوى البصلة,عدم حدوث تبدلت مهمة في وظائف الجهاز العصبي المستقبل عند قطع جذع الدماغ فوق مستوى البصلة,يؤلف الجهاز الحوفي منطقة واسعة من أدمغة الحيوانات الدن,ارتباط الوطاء ارتباطا وثيقا مع الجهاز الحوفي,,,A,ABCD,عدم حدوث تبدلت مهمة في وظائف الجهاز العصبي المستقبل عند قطع جذع الدماغ فوق مستوى البصلة,
3965,Y1,Physiology,Physiology,الهدف الساسي للنقل الفاعل عبر الغشاء:,ما هو الهدف الأساسي للنقل الفاعل عبر الغشاء؟,الوصول لتركيز متساو للمادة على جانبي الغشاء,الحفاظ على مدروج تركيز مرتفع للمادة عبر الغشاء,توفير استهالك الطاقة,زيادة حساسية قنوات الفولطاج,,,B,ABCD,الحفاظ على مدروج تركيز مرتفع للمادة عبر الغشاء,
3968,Y1,Physiology,Physiology,يؤثر تغير كمية الأوكسجين في الأسناخ على:,ما الذي يتأثر بتغير كمية الأوكسجين في الأسناخ؟,الأوعية الدموية للسنخ,العضلات الملس لقصبة السنخ,مستوى السورفاكتانت في الأسناخ,السعة الحيوية للرئتين,,,A,ABCD,الأوعية الدموية للسنخ,
3975,Y1,Physiology,Physiology,أقصى مدة لحفظ الدم:,ما هي أقصى مدة لحفظ الدم؟,5 أيام,10 أيام,20 يوم,شهر,,,C,ABCD,20 يوم,
3978,Y1,Physiology,Physiology,عندما تكون تهوية السنخ أعلى من ترويته الدّموية:,ماذا يحدث عندما تكون تهوية السنخ أعلى من ترويته الدموية؟,تحويلة فيزيولوجية,حيز ميت فيزيولوجي,التّهوية الكلّية والجريان الكلّي متوافقين,تبقى تروية السنخ كافية,,,B,ABCD,حيز ميت فيزيولوجي,
4000,Y1,Physiology,Physiology,تزداد كمية الماء الموجودة في الاحياز الخاصة:,ما هي الحالات التي تزداد فيها كمية الماء الموجودة في الأحياز الخاصة؟,الاسهال,الأقياء,التجفاف,الجنب وانصباب الجنب,,,D,ABCD,الجنب وانصباب الجنب,
4001,Y1,Physiology,Physiology,الهرمون المطلق للموجهة القشرية هو :,ما هو الهرمون المطلق للموجهة القشرية؟,TRH,CRH,PIH,GNRH,,,B,ABCD,CRH,
4004,Y1,Physiology,Physiology,الشاردة الإيجابية الأساسية في السائل داخل الخلوي:,ما هي الشاردة الإيجابية الأساسية في السائل داخل الخلوي؟,صوديوم,بوتاسيوم,كالسيوم,كلور,,,B,ABCD,بوتاسيوم,
4013,Y1,Physiology,Physiology,شخص يحمل الزمرة B فان مصله:,ما هو نوع المصل الذي يحمله شخص من الزمرة الدموية B؟,يحوي الراصة Anti A,يحوي الراصة Anti B,لا يحوي راصة,"يحوي الراصتين Anti A, Anti B",,,A,ABCD,يحوي الراصة Anti A,
4016,Y2,Physiology,Physiology,انقلاب الصيغة أكثر شيوعاً عند :,ما هي الحالة التي يكون فيها انقلاب الصيغة أكثر شيوعاً؟,الأطفال.,البالغين.,الرجال.,الكهل.,,,A,ABCD,الأطفال.,
4026,Y1,Physiology,Physiology,Stroke Volume هو:,ما هو حجم الضربة (Stroke Volume)؟,كمّية الدم التي يضخها البطين الأيمن في ضربة واحدة,كمّية الدم التي يضخها البطين الأيمن في الدقيقة الواحدة,كمية الدم التي يضخها البطينان في الدقيقة الواحدة,كمية الدم التي تدخل الأذينة اليمنى في دقيقة واحدة,,,A,ABCD,كمّية الدم التي يضخها البطين الأيمن في ضربة واحدة,
4034,Y1,Physiology,Physiology,أقصي كمية هواء يمكن استنشاقها زيادة علي كمية الحجم الجاري السوية :,ما هي أقصى كمية هواء يمكن استنشاقها زيادة على كمية الحجم الجاري السوية؟,الحجم الجاري,الحجم المثالي,حجم الشهيق المخر,حجم الزفير المدخر,,,C,ABCD,حجم الشهيق المخر,
4040,Y1,Physiology,Physiology,يتم التنظيم المديد للجريان الموضعي عبر:,ما هي الآلية التي يتم من خلالها التنظيم المديد للجريان الموضعي؟,إفراز العامل البطاني المرخي من بطانة الأوعية الكبيرة.,إفراز الأنجيوجنين وعامل النمو البطاني.,عبر جملة الرينين أنجيوتنسين.,عبر التعصيب الودي واللاودي.,,,B,ABCD,إفراز الأنجيوجنين وعامل النمو البطاني.,
4045,Y1,Physiology,Physiology,تحدث قوى جذب بين خيوط الاكتين والميوزين مسببة انزلاق بعضها على بعض بسبب شوارد:,ما هي الشوارد التي تسبب قوى الجذب بين خيوط الاكتين والميوزين مما يؤدي إلى انزلاق بعضها على بعض؟,البوتاسيوم,الكالسيوم,الصوديوم,الصوديوم والكالسيوم,,,B,ABCD,الكالسيوم,
4060,Y1,Physiology,Physiology,الهدف من آلية المزلاج في العضلات الملساء:,ما هو الهدف من آلية المزلاج في العضلات الملساء؟,زيادة سرعة تقلّص العضلات الملساء,مقدرتها على العودة إلى قوة تقلّصها الأصلية بعد ثوان أو دقائق من تطاولها أو قصرها,تحافظ على تقلّص مقوٍمديد فى العضلات الملمس باستخدام كمية قليلة جداً من الطاقه,جعل قوة تقلص العضلات الملس أكبر من قوة تقلص العضلات الهيكلية,,,C,ABCD,تحافظ على تقلّص مقوٍمديد فى العضلات الملمس باستخدام كمية قليلة جداً من الطاقه,
4062,Y1,Physiology,Physiology,الخلايا الدبقية التي تشكل جزء من الحاجز الوعائي الدموي هي:,ما هي الخلايا الدبقية التي تشكل جزء من الحاجز الوعائي الدموي؟,الخلايا السيسائية,الخلايا الدبقية الصغيرة,الخلايا النجمية,الخلايا الدبقية قليلة التغصنات,,,C,ABCD,الخلايا النجمية,
4065,Y1,Physiology,Physiology,يتم التنظيم المديد للضغط الشرياني عبر:,ما هي الآلية التي يتم من خلالها التنظيم المديد للضغط الشرياني؟,افراز العامل البطاني المرخي في بطانة الأوعية,افراز الانجيوجينين وعامل النمو البطاني,عبر جملة الريلين انجيوتنسين,التعصيب الودي واللاودي,,,B,ABCD,افراز الانجيوجينين وعامل النمو البطاني,
4069,Y1,Physiology,Physiology,المستقبلة الأسرع تلاؤماً:,ما هي المستقبلة الأسرع تلاؤماً؟,روفيني.,نهايات عصبية حرة.,مستقبلات الألم.,باشيني.,,,D,ABCD,باشيني.,
4074,Y1,Physiology,Physiology,لا تتمكن الألياف العصبية المركزية من التجديد بسبب:,لماذا لا تتمكن الألياف العصبية المركزية من التجديد؟,عدم وجود غمد النخاعين,عدم وجود جسيمات مركزية,عدم وجود غمد شوان,كثرة التغصنات العصبية,,,C,ABCD,عدم وجود غمد شوان,
4083,Y1,Physiology,Physiology,كمية الهواء الموجودة في الرئتين في نهاية شهيق سوي هو:,ما هي كمية الهواء الموجودة في الرئتين في نهاية شهيق سوي؟,السعة الشهيقية,السعة الحيوية,السعة الوظيفية المدخرة + الحجم الجاري,الحجم المدخر الشهيقي,,,C,ABCD,السعة الوظيفية المدخرة + الحجم الجاري,
4086,Y1,Physiology,Physiology,الفائدة الوظيفية من التأخير الزمني لكامن الفعل لمدة 0.1 ثانية عند مروره في العقدة الأذينية البطينية هو:,ما هي الفائدة الوظيفية من التأخير الزمني لكامن الفعل لمدة 0.1 ثانية عند مروره في العقدة الأذينية البطينية؟,إنهاء تقلص الأذينات قبل تقلص البطينات,يطيل فترة تقلص الذينة,يطيل فترة كامن الفعل,يحمي عضلة القلب من التباطؤ,,,A,ABCD,إنهاء تقلص الأذينات قبل تقلص البطينات,
4093,Y1,Physiology,Physiology,يقتصر الامتصاص المعدي على :,ما هي المواد التي يقتصر عليها الامتصاص المعدي؟,الشحوم,السكريات,الماء والشوارد,البروتين,,,C,ABCD,الماء والشوارد,
4094,Y2,Physiology,Physiology,تفاعل الهيموغلوبين مع حمض او قلوي يؤدي لتشكل :,ما هو المركب الذي يتشكل من تفاعل الهيموغلوبين مع حمض أو قلوي؟,كاربوهيموغلوبين.,كاربوكسي هيموغلوبين.,هيماتين.,هيموسيدرين.,,,C,ABCD,هيماتين.,
4095,Y1,Physiology,Physiology,يتناسب افراغة عكسيا مع افراغ الهيدروجين:,ما الذي يتناسب إفراغه عكسياً مع إفراغ الهيدروجين؟,الصوديوم,البوتاسيوم,الكلور,الغلوكوز,,,B,ABCD,البوتاسيوم,
4096,Y2,Physiology,Physiology,الغشاء الكبيبي نفوذ ل:,ما هو الغشاء الكبيبي نفوذ له؟,الكالسيوم.,الالبومين.,الهرمونات.,الحموض الدهنية.,,,B,ABCD,الالبومين.,
4097,Y1,Physiology,Physiology,المسؤل عن ارسال السيالات فى العصبونات:,ما هو المسؤول عن إرسال السيالات في العصبونات؟,جسم الخليه,المحوار,الاستطالات الهيوليه,المشبك العصبى,,,B,ABCD,المحوار,
4098,Y1,Physiology,Physiology,يعتبر ضخ للدم مثالاً على دراسة وفق مستوى:,ما هو المستوى الذي يعتبر ضخ الدم مثالاً على دراسته؟,النسج,الأعضاء,الأجهزة,الخلايا,,,B,ABCD,الأعضاء,
4101,Y1,Physiology,Physiology,يتم تحويل النورادرينالين الى ادرينالين بعملية تدعي:,ما هي العملية التي يتم بها تحويل النورادرينالين إلى أدرينالين؟,هدركسلة,نزع كربوكسيل,ميتلة,اكسحة,,,C,ABCD,ميتلة,
4103,Y1,Physiology,Physiology,يشكل جسراً بين الياف الكولاجين والصفيحات الدموية:,ما الذي يشكل جسراً بين ألياف الكولاجين والصفيحات الدموية؟,الترومبوكسان A2,عامل فون ويلبراند,البروستاسايكلين,ADP,,,A,ABCD,الترومبوكسان A2,
4108,Y1,Physiology,Physiology,الفائدة الوظيفية من وجود الكليونات المجاورة للّب هو:,ما هي الفائدة الوظيفية من وجود الكليونات المجاورة للّب؟,زيادة القدرة على تمديد البول,زيادة القدرة على تكثيف البول,زيادة القدرة على طرح البولة,زيادة القدرة على إفراز الرينين,,,B,ABCD,زيادة القدرة على تكثيف البول,
4121,Y1,Physiology,Physiology,السبب الذي يحمي العضلة القلبية من التكزز:,ما هو السبب الذي يحمي العضلة القلبية من التكزز؟,اعتمادها جزئياً على الكالسيوم خارج الخلوي,طول فترة كامن فعل الليف العضلي القلبي,قدرة الخلايا العضلية القلبية على تفعيل ذاتها,عدم تأثر الخلايا العضلية القلبية بالنواقل العصبية,,,B,ABCD,طول فترة كامن فعل الليف العضلي القلبي,
4122,Y1,Physiology,Physiology,الهرمون الذي يخضع لتأثير مزدوج منبه و مثبط من الوطاء :,ما هو الهرمون الذي يخضع لتأثير مزدوج منبه ومثبط من الوطاء؟,GH,PRL,ACTH,FSH,,,A,ABCD,GH,
4127,Y1,Physiology,Physiology,عند الانسان المساحة الصغرى في ساحة الحس الاولية تقع :,أين تقع المساحة الصغرى في ساحة الحس الأولية عند الإنسان؟,الجذع,القلب,الشفتين,اليدين,,,A,ABCD,الجذع,
4131,Y1,Physiology,Physiology,مصدر الATP الذى تحتاجه اللييفات العضلية بشدة يأتي من:,ما هو مصدر الATP الذي تحتاجه الليفات العضلية بشدة؟,الكالسيوم خارج الخلوي,الكالسيوم داخل الخلوي,المتقدرات الغزيرة الموازية للبيفات,المدروج الكهربائى لقنوات الصوديوم,,,C,ABCD,المتقدرات الغزيرة الموازية للبيفات,
4134,Y2,Physiology,Physiology,يتم تفعيل السبيل الخارجي للتخثر عن طريق,ما هو الذي يفعل السبيل الخارجي للتخثر؟,معقد ضد مستضد,رض الدم,تماس الدم مع الزجاج,رض الأنسجة,الفوسفوليبيدات الصفيحية,,D,ABCDE,رض الأنسجة,
4137,Y1,Physiology,Physiology,تتناسب سرعة انتشار الغاز عبر الغشاء التنفسي عكسا ا مع:,ما الذي تتناسب معه سرعة انتشار الغاز عبر الغشاء التنفسي عكسياً؟,قابلية ذوبان الغاز في السائل,ثخانة الغشاء,مساحة مقطع السائل,سرعة الجزيئات المتحركة,,,B,ABCD,ثخانة الغشاء,
4147,Y1,Physiology,Physiology,القيمة العظمى لضغط الأوكسجين في الأسناخ عند زيادة التهوية السنخية في الحالات السوية هي:,ما هي القيمة العظمى لضغط الأوكسجين في الأسناخ عند زيادة التهوية السنخية في الحالات السوية؟,95 ملم زئبقي,104ملم زئبقي,149 ملم زئبقي,158 ملم زئبقي,,,C,ABCD,149 ملم زئبقي,
4148,Y1,Physiology,Physiology,يحدث المتصاص بشكل أساسي في:,أين يحدث الامتصاص بشكل أساسي؟,المعدة,الامعاء الدقيقة,الكولون بقسمه المستعرض,الكولون النهائي والمستقيم,,,B,ABCD,الامعاء الدقيقة,
4149,Y1,Physiology,Physiology,تؤدي الشدة (الكروب) إلى افراز هرمون:,ما هو الهرمون الذي يتم إفرازه نتيجة الشدة (الكروب)؟,الألدوستيرون,الكورتيزول,الثيروكسين,الأنسولين,,,B,ABCD,الكورتيزول,
4152,Y1,Physiology,Physiology,تحرر شوارد الكالسيوم من الشبكة الهيولية في العضلات الهيكلية يحدث بآلية:,ما هي آلية تحرر شوارد الكالسيوم من الشبكة الهيولية في العضلات الهيكلية؟,الانتشار,النقل المّيسر,النقل المرافق,النقل الفاعل الأولي,,,A,ABCD,الانتشار,
4157,Y1,Physiology,Physiology,يسبب التنبيه اللاودي على القلب:,ماذا يسبب التنبيه اللاودي على القلب؟,زيادة القوة الانقباضية للعضلة القلبية.,تباطؤ ضربات القلب.,تسريع التوصيل.,تسرع ضربات القلب.,,,B,ABCD,تباطؤ ضربات القلب.,
4159,Y1,Physiology,Physiology,المسؤول عن زوال الاستقطاب:,ما هو المسؤول عن زوال الاستقطاب؟,دخول شوارد الصوديوم,خروج شوارد الصوديوم,دخول شوارد البوتاسيوم,خروج شوارد البوتاسيوم,,,A,ABCD,دخول شوارد الصوديوم,
4164,Y2,Physiology,Physiology,PH البول :,ما هو الرقم الهيدروجيني الطبيعي للبول؟,بين 5و8,6.7 و8,8,بين 4.7 و 8,,,D,ABCD,بين 4.7 و 8,
4172,Y1,Physiology,Physiology,ان وصول كمية كبيرة من Nacl الي اللطخة الكثيفة يؤدي الي :,ماذا يحدث عند وصول كمية كبيرة من NaCl إلى اللطخة الكثيفة؟,توسيع الشرين الوارد فقط,توسيع الشريتيت الوارد والصادر,تقبيض الشرين الوارد,تفعيل حملة الرينين انجيوتسن,,,C,ABCD,تقبيض الشرين الوارد,
4175,Y1,Physiology,Physiology,كمية الدم التي تمر في نقطة معينة من الدوران خلال فترة محددة من الزمن:,ما هي كمية الدم التي تمر في نقطة معينة من الدوران خلال فترة محددة من الزمن؟,ضغط الدم,تدفق الدم,مدروج الضغط,المقاومة الوعائية,,,B,ABCD,تدفق الدم,
4179,Y1,Physiology,Physiology,الانزيم المعوي الذي يقوم بهضم الدسم في الأمعاء هو:,ما هو الانزيم المعوي الذي يقوم بهضم الدسم في الأمعاء؟,الإنتيروكيناز,الأمينوببتيداز,اللاكتاز,الليباز,,,D,ABCD,الليباز,
4193,Y1,Physiology,Physiology,نقص فيتامين B12 وحمض الفوليك يسبب:,ماذا يسبب نقص فيتامين B12 وحمض الفوليك؟,فقر دم لا تنسجي,فقر دم ناقص الصباغ ناقص الحجم,فقر دم زائد الصباغ زائد الحجم,فقر دم منجلي,,,C,ABCD,فقر دم زائد الصباغ زائد الحجم,
4195,Y1,Physiology,Physiology,وظيفة الصمامات القلبية:,ما هي وظيفة الصمامات القلبية؟,توجيه مجرى الدم باتجاه واحد,توزيع مقدار الضغط,دفع الدم من حجرة لأخرى في القلب,المحافظة على نظم القلب,,,A,ABCD,توجيه مجرى الدم باتجاه واحد,
4196,Y1,Physiology,Physiology,يعد تنظيم الضغط الشرياني على المستوى:,ما هو المستوى الذي يعد عليه تنظيم الضغط الشرياني؟,الخلايا,الأنسجه,الأعضاء,الأجهزه,,,D,ABCD,الأجهزه,
4202,Y1,Physiology,Physiology,نوع من العضلات يمتاز بخاصية الارتخاء بعد الكرب:,ما هو نوع العضلات الذي يمتاز بخاصية الارتخاء بعد الكرب؟,العضلات الهدبية للعين,العضلة الناصبة للشعرة,العضلات وحيدة الوحدة الحشوية,عضلة حدقة العين,,,C,ABCD,العضلات وحيدة الوحدة الحشوية,
4209,Y1,Physiology,Physiology,أسرع أجزاء الجهاز الناقل في القلب في توصيل السيالة هو:,ما هو أسرع أجزاء الجهاز الناقل في القلب في توصيل السيالة؟,العقدة الأذينية البطينية.,حزمة هيس.,المسالك بين العقد.,ألياف بوركنج.,,,D,ABCD,ألياف بوركنج.,
4219,Y1,Physiology,Physiology,تدعى الاسناخ التي يصلها دم ولا يصلها هواء بـ:,ما هو اسم الأسناخ التي يصلها دم ولا يصلها هواء؟,الأسناخ السوية,التحويلة الفيزيولوجية,الحّيز المّيت التشريحي,الحّيز الميت الفيزيولوجي,,,B,ABCD,التحويلة الفيزيولوجية,
4221,Y2,Physiology,Physiology,بتقنية الأسر الصوتي يمكن تحرير النص الفعال حيويا ب :,ما هي الطريقة التي يمكن بها تحرير النص الفعال حيوياً بتقنية الأسر الصوتي؟,تفعيله بالامتصاص الثنائي للفوتون,تفعليه بالامتصاص الأحادي للفوتون,تفعيله بالامتصاص مستدعي الفوتونه,كل ما سبق خاطئ,,,C,ABCD,تفعيله بالامتصاص مستدعي الفوتونه,
4222,Y1,Physiology,Physiology,الشاردة ذات التركيز األكبر داخل العصبون:,ما هي الشاردة ذات التركيز الأكبر داخل العصبون؟,الكالسيوم,الصوديوم,البوتاسيوم,الكلور,,,C,ABCD,البوتاسيوم,
4223,Y1,Physiology,Physiology,يتمفصل الغضروف الطرجهالي مع:,ما هو العظم الذي يتمفصل معه الغضروف الطرجهالي؟,الغضروف الحلقي,الغضروف الدرقي,الغضروف الإسفيني,الغضروف الفلكي,,,A,ABCD,الغضروف الحلقي,
4226,Y1,Physiology,Physiology,في طور الانقباض الأذيني :,ماذا يحدث في طور الانقباض الأذيني؟,الصمامات الأذينية البطينية مفتوحة و السينية مغلقة,الصمامات الأذينية البطينية مغلقة و السينية مفتوحة,كلاهما مفتوحتان,كلاهما مغلقتان,,,A,ABCD,الصمامات الأذينية البطينية مفتوحة و السينية مغلقة,
4231,Y2,Physiology,Physiology,الحجم الرئوي الذي يزداد مع التقدم بالعمر,ما هو الحجم الرئوي الذي يزداد مع التقدم بالعمر؟,الحجم الجاري.,الحجم الشهيقي الاحتياطي.,الحجم المتبقي.,جميع الحجوم تنقص مع التقدم بالسن.,,,C,ABCD,الحجم المتبقي.,
4237,Y1,Physiology,Physiology,يحرض إفراز عصارة غنية بالإنزيمات الهاضمة من البنكرياس:,ما الذي يحرض إفراز عصارة غنية بالإنزيمات الهاضمة من البنكرياس؟,السكرتين,CCK,السوماتوستاتين,التنبيه الودى,,,B,ABCD,CCK,
4243,Y1,Physiology,Physiology,يتمثل زوال استقطاب البطينات على مخطط القلب ب:,ما الذي يتمثل به زوال استقطاب البطينات على مخطط القلب؟,الموجة P.,الموجة QRS.,الموجة S.,الموجة T.,,,B,ABCD,الموجة QRS.,
4245,Y1,Physiology,Physiology,العامل المحرض على زيادة إفراز الألدوستيرون هو:,ما هو العامل المحرض على زيادة إفراز الألدوستيرون؟,زيادة تركيز البوتاسيوم في السائل خارج الخلوي,ازيادة تركيز الصوديوم في السائل خارج الخلوي,ارتفاع الضغط الشرياني,إنخفاض تركيز شوارد الكالسيوم في الوسط خارج الخلوي,,,A,ABCD,زيادة تركيز البوتاسيوم في السائل خارج الخلوي,
4246,Y1,Physiology,Physiology,اذا تشكلت خثرة في اوعية القلب والرئتين نقوم بحلها عن طريق:,ما هي الطريقة المستخدمة لحل الخثرة إذا تشكلت في أوعية القلب والرئتين؟,البلازمين,الكاليكرين,الهيبارين,الحقن الوريدي الستربتوكيناز,,,A,ABCD,البلازمين,
4247,Y1,Physiology,Physiology,تسمح خاصية الارتخاء بعد الكرب للأعضاء الجوفاء التي تحوي عضلات ملساء ب:,ما الذي تسمح به خاصية الارتخاء بعد الكرب للأعضاء الجوفاء التي تحوي عضلات ملساء؟,تسهيل عملية تقلص العضلة الملساء وكأنها ليف واحد,توفير استخدام الطاقة,المحافظة على مقدار الضغط نفسه على الرغم من تغير الحجم ضمن حدود معينة,زيادة قوة التقلص مقارنة بالهيكلية,,,C,ABCD,المحافظة على مقدار الضغط نفسه على الرغم من تغير الحجم ضمن حدود معينة,
4249,Y2,Physiology,Physiology,معدل التهوية السنخية,ما هو معدل التهوية السنخية؟,كمية الهواء الذي يصل للمناطق التنفسية.,كمية الهواء الذي يصل للمناطق التنفسية مضروب,بمعدل التنفس.,كمية الهواء الذي يملأ الطرق التنفسية التوصيلية.,,,B,ABCD,كمية الهواء الذي يصل للمناطق التنفسية مضروب,
4255,Y1,Physiology,Physiology,يتوقف التقلص العضلي عند:,متى يتوقف التقلص العضلي؟,انتهاء كمون العمل,إعادة الكالسيوم الى الشبكة الهيولية,خروج الصوديوم,ارتباط الكالسيوم بالتربونين,,,D,ABCD,ارتباط الكالسيوم بالتربونين,
4258,Y1,Physiology,Physiology,عصبونات المرتبة الثانية في المسلك الظهري:,ما هي عصبونات المرتبة الثانية في المسلك الظهري؟,القرن الظهري للنخاع الشوكي,النواتين الناحلة واإلسفينية,المهاد,ساحات الحس في الدماغ,,,B,ABCD,النواتين الناحلة واإلسفينية,
4265,Y1,Physiology,Physiology,القشراني المعدني الرئيسي:,ما هو القشراني المعدني الرئيسي؟,الكورتيزول (سكري),الالدوسترون (معدني),التستسترون,الأدرينالين,,,B,ABCD,الالدوسترون (معدني),
4266,Y1,Physiology,Physiology,أقل أنسجة الجسم البشري احتواءً على الماء:,ما هي أقل أنسجة الجسم البشري احتواءً على الماء؟,العضلى,العصبى,الغدى,الدهنى,,,D,ABCD,الدهنى,
4270,Y1,Physiology,Physiology,هو طليعة انزيم يتحول الى شكله الفعال تحت تأثير الخنثرين:,ما هو طليعة الانزيم الذي يتحول إلى شكله الفعال تحت تأثير الخنثرين؟,العامل العاشر,العامل الحادي عشر,العامل الثاني عشر,العامل الثالث عشر,,,B,ABCD,العامل الحادي عشر,
4277,Y1,Physiology,Physiology,. يستطيع الجهاز التنفسي تأمين كميات كبيرة من الأكسجين أثناء التمارين المجهدة من خلال الآلية التالية:,ما هي الآلية التي يستطيع من خلالها الجهاز التنفسي تأمين كميات كبيرة من الأكسجين أثناء التمارين المجهدة؟,يحصل كامل التبادل الغازي للأكسجين خلال قطع الدم ثلث المسافة عبر الوعاء الشعري.,فارق الضغط الكبير بين الأسناخ والدم لغاز الأكسجين.,صغر حجم جزيئة الأكسجين.,الانحلالية العالية للأكسجين في الغشاء التنفسي.,,,A,ABCD,يحصل كامل التبادل الغازي للأكسجين خلال قطع الدم ثلث المسافة عبر الوعاء الشعري.,
4278,Y1,Physiology,Physiology,يحول الببسين الى مولد ببسين :,ما الذي يحول الببسين إلى مولد ببسين؟,العامل الداخلي,حمض كلور الماء,الفيتامين b12,الغلوكاكون,,,B,ABCD,حمض كلور الماء,
4280,Y1,Physiology,Physiology,يتآزر الجهازان الودي واللاودي في:,ما هي الوظائف التي يتآزر فيها الجهازان الودي واللاودي؟,تنظيم افراز اللعاب,افراز العرق,تنظيم قطر الحدقة,تنظيم النبض,,,A,ABCD,تنظيم افراز اللعاب,
4281,Y1,Physiology,Physiology,يتم افراز الاربتروبيوتين من:,من أين يتم إفراز الإريثروبويتين؟,الكلية,الكبد,نقي العظم,الدم,,,A,ABCD,الكلية,
4282,Y2,Physiology,Physiology,في المراكز الحديثة يتم اخذ الاجسام الضدية من IgG وقطع :,ما الجزء من الأجسام الضدية من IgG التي يتم قطعها وأخذها في المراكز الحديثة؟,الجزء المفرط التغير,الجزء المتغير,الجزء الذي يرتبط بالمستضيد,لا يتم قطع الجسم الضدي ابدا,,,A,ABCD,الجزء المفرط التغير,ما الجزء من الأجسام الضدية من IgG التي يتم قطعها وأخذها في المراكز الحديثة؟
4284,Y1,Physiology,Physiology,ينقص حجم الدفقة بزيادة:,ما الذي يؤدي إلى نقصان حجم الدفقة بزيادته؟,حجم الدم الجائل.,معدل دقات القلب.,العود الوريدي للقلب.,قوة التقلص الأذيني.,,,B,ABCD,معدل دقات القلب.,
4285,Y2,Physiology,Physiology,تدعى الترنجات العشوائية لشدة الإشعاع المترابط المنتشرة انتشاراً متعدداً بـ:,ما تدعى الترنجات العشوائية لشدة الإشعاع المترابط المنتشرة انتشاراً متعدداً؟,المويجات,الانزلاقات,البقع,"A, B",,,C,ABCD,البقع,
4286,Y1,Physiology,Physiology,المسؤول عن إعادة الاستقطاب:,ما هو المسؤول عن إعادة الاستقطاب؟,تحول شبكة بوابة الصوديوم من حالة التفعيل إلى حالة التحميل,دخول شوارد البوتاسيوم,A+C,دخول شوارد الصوديوم,,,D,ABCD,دخول شوارد الصوديوم,
4287,Y1,Physiology,Physiology,الهرمونات الأمينية مشتقة من :,ما هي المادة التي تشتق منها الهرمونات الأمينية؟,الكولسترول,الفالين,الفينيل الانين,التيروزين,,,D,ABCD,التيروزين,
4296,Y1,Physiology,Physiology,يؤدي التأثير الحاصر غير المباشر تأثيره على الجهاز العصبي المستقل من خلال:,كيف يؤدي التأثير الحاصر غير المباشر تأثيره على الجهاز العصبي المستقل؟,تثبيط مستقبلات الناقل العصبي,إنقاص فعالية العصبون قبل المشبكي,تنبيه إفراز ناقل عصبي مثبط من العصبون قبل المشبكي,زيادة نفوذية القنوات في العصبون بعد المشبك لشوارد البوتاسيوم,,,B,ABCD,إنقاص فعالية العصبون قبل المشبكي,
4297,Y2,Physiology,Physiology,الطريق الهندسي الذي يمكن للضوء أن يقطعه في الخلاء مضروبا بقرينة انكسار الوسط هو:,ما هو الطريق الهندسي الذي يمكن للضوء أن يقطعه في الخلاء مضروبا بقرينة انكسار الوسط؟,المسار الهندسي,المسار الضوئي,مربع المسار الهندسي,مربع المسار الضوئي,,,B,ABCD,المسار الضوئي,
4298,Y1,Physiology,Physiology,تتميز بالنقل القفزي :,ما هي الألياف العصبية التي تتميز بالنقل القفزي؟,الألياف المغمدة بالنخاعين,الألياف المجردة من النخاعين,الألياف العارية من النخاعين,كل ما سبق صحيح,,,A,ABCD,الألياف المغمدة بالنخاعين,
4299,Y1,Physiology,Physiology,عندما يتكون الليف نفوذ لشوارد البوتاسيوم فقط فإن الكمون سيكون تقريباً:,ما هو الكمون تقريباً عندما يتكون الليف نفوذ لشوارد البوتاسيوم فقط؟,سالب 4 ميلي فولط,سالب 86 ميلي فولط,سالب 90 ميلي فولط,سالب 94 ميلي فولط,,,D,ABCD,سالب 94 ميلي فولط,
4302,Y1,Physiology,Physiology,في حال نقص المتناول من الماء ينقص:,ماذا ينقص في حال نقص المتناول من الماء؟,الضغط الحلولي للبول,ADH,الضغط الحلولي للمصورة,حجم البول,,,D,ABCD,حجم البول,
4307,Y1,Physiology,Physiology,الجزء الذي يملك فعالية ATPase:,ما هو الجزء الذي يملك فعالية ATPase؟,رأس الميوزين,ذراع الميوزين,جسم الميوزين,مناطق الارتباط على جزئ الاكتين,,,A,ABCD,رأس الميوزين,
4308,Y1,Physiology,Physiology,يوجد مركز العطش في:,أين يوجد مركز العطش؟,الدم,الوطاء,النخامة الخلفية,الكلية,,,B,ABCD,الوطاء,
4310,Y1,Physiology,Physiology,الامتصاص يحدث بشكل رئيسي في :,أين يحدث الامتصاص بشكل رئيسي؟,معدة,أمعاء دقيقة,قولون,امعاء غليظة,,,B,ABCD,أمعاء دقيقة,
4311,Y1,Physiology,Physiology,ناقل عصبي تُحرره الألياف قبل العقدية في القسمين الودي ونظير الودي:,ما هو الناقل العصبي الذي تحرره الألياف قبل العقدية في القسمين الودي ونظير الودي؟,النور أدرينالين,الأستيل كولين,الأدرينالين,السوماتوستاتين,,,B,ABCD,الأستيل كولين,
4315,Y1,Physiology,Physiology,يسمع عند بدء الانبساط البطيني الصوت:,ما هو الصوت الذي يسمع عند بدء الانبساط البطيني؟,الاول,الثاني,الثالث,الرابع,,,B,ABCD,الثاني,
4317,Y1,Physiology,Physiology,يُينقص اإلفراز المعدي:,ما الذي يُنقص الإفراز المعدي؟,الغاسترين,السكرتين,الهيستامين,التنبيه نظير الو ّدي,,,B,ABCD,السكرتين,
4321,Y1,Physiology,Physiology,يتم الغاء التأثير التثبيطي للتروبونين:,كيف يتم إلغاء التأثير التثبيطي للتروبونين؟,الصوديوم,المغنزيوم,الكالسيوم,البوتاسيوم,,,C,ABCD,الكالسيوم,
4322,Y1,Physiology,Physiology,يتآزر القسمين الودّي ونظير الودّي للجهاز العصبي المستقل في:,ما هي الوظائف التي يتآزر فيها القسمين الودّي ونظير الودّي للجهاز العصبي المستقل؟,عمل القلب,تحرير الشحوم من مخازنها,تنظيم إفراز اللعاب,مستوى غلوكوز الدم,,,C,ABCD,تنظيم إفراز اللعاب,
4332,Y1,Physiology,Physiology,. يؤدي نقص تركيز الأوكسجين في الأسناخ إلى:,ماذا يؤدي نقص تركيز الأوكسجين في الأسناخ؟,توسيع الأوعية الدموية لهذه الأسناخ.,توسيع المصرف الهوائي المؤدي إلى هذه الأسناخ.,تقبض الأوعية الدموية لهذه الأسناخ.,تضيق المصرف الهوائي المؤدي إلى هذا السنخ.,,,C,ABCD,تقبض الأوعية الدموية لهذه الأسناخ.,
4335,Y2,Physiology,Physiology,عندما تتجمع المراكز المثارة هنا، ويستطيع الإشعاع أن ينتشر مرات كثيرة، تُعرف هذه الظاهرة بـ:,ما هي الظاهرة التي تحدث عندما تتجمع المراكز المثارة ويستطيع الإشعاع أن ينتشر مرات كثيرة؟,الانتثار المتعدد,الانتثار الأحادي,الانعكاس الكلي الداخلي,الانتثار الإحصائي,,,A,ABCD,الانتثار المتعدد,
4341,Y1,Physiology,Physiology,المسؤول عن تحفيز تحرر الكالسيوم من الشبكة الهيولية:,ما هو المسؤول عن تحفيز تحرر الكالسيوم من الشبكة الهيولية؟,التقلص العضلي,كامن الفعل,بروتين التروبونين,الانابيب المستعرضة,,,B,ABCD,كامن الفعل,
4343,Y1,Physiology,Physiology,تعمل الحاصرات الغير مباشرة في الجهاز العصبي المستقل باأللية التالية:,ما هي آلية عمل الحاصرات الغير مباشرة في الجهاز العصبي المستقل؟,ترتبط بمستقبل الناقل وتثبط فعله,تنقص فعالية العصبون قبل المشبكي,تحرض األنزيمات المخربة للناقل العصبي,تثبط فعالية العصبون بعد المشبكي,,,B,ABCD,تنقص فعالية العصبون قبل المشبكي,
4349,Y1,Physiology,Physiology,نمط المستقبلات الموجودة في العضو,ما هو نمط المستقبلات الموجودة في العضو؟,تثبيط إفراز اللعاب,تقلص المثانة البولية,توسع القصبات,إرخاء مصرة المثانة,,,D,ABCD,إرخاء مصرة المثانة,
4352,Y1,Physiology,Physiology,ينخفض ضغط الدم بزيادة:,ما الذي يؤدي إلى انخفاض ضغط الدم عند زيادته؟,نتاج القلب,مقاومة جريان الدم,عدد ضربات القلب,قطر الاوعية الدموية,,,D,ABCD,قطر الاوعية الدموية,
4353,Y2,Physiology,Physiology,سرعة موجة النبض تنقص :,ما هي الحالات التي تنقص فيها سرعة موجة النبض؟,بازدياد المقوية.,بازدياد المرونة.,بتناقص المرونة.,بتناقص المقوية.,,,B,ABCD,بازدياد المرونة.,
4356,Y1,Physiology,Physiology,الخلايا التي تستجيب للعصبونات بعد العقد اللاودية,ما هي الخلايا التي تستجيب للعصبونات بعد العقد اللاودية؟,الأستيل كولين,النورابنفرين,الأدرينالين,النورابنفرين أو الاستيل كولين,,,A,ABCD,الأستيل كولين,
4360,Y1,Physiology,Physiology,الجزء من النفرون الكتيم تماماّ للماء:,ما هو الجزء من النفرون الكتيم تماماً للماء؟,الأنبوب الملفف الداني,الجزء النازل من عروة هانله,الجزء الصاعد من عروة هانله,النبوب الجامع,,,C,ABCD,الجزء الصاعد من عروة هانله,
4361,Y1,Physiology,Physiology,يتم تخرب الكريات الحمر بشكل رئيسي في:,أين يتم تخرب الكريات الحمر بشكل رئيسي؟,الكبد,الكلية,الطحال,المعدة,,,C,ABCD,الطحال,
4367,Y1,Physiology,Physiology,- العامل الأساسي الذي يحدد ارتباط الخضاب بالأوكسجين:,ما هو العامل الأساسي الذي يحدد ارتباط الخضاب بالأوكسجين؟,ضغط الأوكسجين في الدم.,نقص الـ PH,قيمة VA/Q,الوزن الجزيئي للأوكسجين,,,A,ABCD,ضغط الأوكسجين في الدم.,
4369,Y1,Physiology,Physiology,عامل تفرزه الكلية ويؤثر في تشكيل الكريات الحمر:,ما هو العامل الذي تفرزه الكلية ويؤثر في تشكيل الكريات الحمر؟,الاريثروبويتين,الانترولوكين,التروميو موديولين,الترومبوبويتين,,,C,ABCD,التروميو موديولين,
4371,Y1,Physiology,Physiology,يؤدي زيحان منحنى تفارق الاكسجين الخضاب نحو اليمين إلى:,إلام يؤدي زيحان منحنى تفارق الأكسجين الخضاب نحو اليمين؟,نقص النسبة المئوية لإشباع الخضاب بالأكسجين,نقص كمية الاكسجين المتحررة إلى النسج,زيادة النسبة المئوية إلشباع الخضاب بالأوكسجين,نقص كمية ثاني اكسيد الكربون المرتبطة بالخضاب,,,A,ABCD,نقص النسبة المئوية لإشباع الخضاب بالأكسجين,
4373,Y1,Physiology,Physiology,تشكل غمد النخاعين في الجهاز العصبي المركزي :,ما الذي يشكل غمد النخاعين في الجهاز العصبي المركزي؟,الخلايا الدبقية قليلة التغصنات,الخلايا السيسائية,الخلايا النجمية,الخلايا الدبقية الصغيرة,,,A,ABCD,الخلايا الدبقية قليلة التغصنات,
4378,Y1,Physiology,Physiology,يتم تثبيط افراز ال FSH :,ما الذي يثبط إفراز الـ FSH؟,التستسترون,البروجسترون,GNRH,"كل من A, B",,,B,ABCD,البروجسترون,
4385,Y1,Physiology,Physiology,تمثل الموجة: QRS.,ماذا تمثل الموجة QRS؟,عودة استقطاب البطينين,زوال استقطاب البطينين,عودة استقطاب الأذينين,زوال استقطاب الأينتين,,,B,ABCD,زوال استقطاب البطينين,
4402,Y1,Physiology,Physiology,يعتمد هرمون النمو في تأثيره على الخلية الهدف على:,ما الذي يعتمد عليه هرمون النمو في تأثيره على الخلية الهدف؟,السوماتوستاتين,البرولكتين,هرمونات الدرق,السوماتوميدين,,,D,ABCD,السوماتوميدين,
4405,Y1,Physiology,Physiology,يضمن سرعة توصيل كامن الفعل الى جميع انحاء الليف العضلي:,ما الذي يضمن سرعة توصيل كامن الفعل إلى جميع أنحاء الليف العضلي؟,القسيم العضلي,الاقراص 2,الانابيب الطولانية,انابيب المستعرضة,,,D,ABCD,انابيب المستعرضة,
4406,Y1,Physiology,Physiology,يسمع بوضوح في الحالة الطبيعية للإنسان :,ما الذي يسمع بوضوح في الحالة الطبيعية للإنسان؟,الصوت الأول فقط,الصوتان الأول و الثاني,الصوتان الثالث والرابع,الاصوات الأول و الثاني ولثالث,,,B,ABCD,الصوتان الأول و الثاني,
4410,Y1,Physiology,Physiology,عندما يصبح ضغط الدم 100 ممز فان معدل الترشيح الكبيبي:,ماذا يحدث لمعدل الترشيح الكبيبي عندما يصبح ضغط الدم 100 ممز؟,يزداد,ينقص,يبقي ثابتا,يزداد ثم ينقص,,,C,ABCD,يبقي ثابتا,
4414,Y1,Physiology,Physiology,يعد تنظيم الضغط الشرياني على مستوى :,ما هو المستوى الذي يعد عليه تنظيم الضغط الشرياني؟,الأعضاء,الأجهزة,العضوية,النسيجي,,,B,ABCD,الأجهزة,
4424,Y1,Physiology,Physiology,يثبط فعالية جهاز الهضم :,ما الذي يثبط فعالية جهاز الهضم؟,تنبيه ضفيرة اورباخ,تنبيه ضفيرة مايستر,التنبيه الودي,التنبيه اللاودي.,,,D,ABCD,التنبيه اللاودي.,
4437,Y2,Physiology,Physiology,تُعزى ظاهرة الانتشار الخلفي المترابط إلى:,ما هي الأسباب التي تُعزى إليها ظاهرة الانتشار الخلفي المترابط؟,تموضع قوي,تموضع ضعيف,ثبات المبدأ,لخامة النسيج,,,B,ABCD,تموضع ضعيف,
4441,Y1,Physiology,Physiology,صوت القلب الثاني يحدث مباشرة بعد:,ما الذي يحدث مباشرة قبل صوت القلب الثاني؟,الموجة P.,الموجة QRS.,الموجة T.,لا شيء مما سبق.,,,C,ABCD,الموجة T.,
4444,Y1,Physiology,Physiology,الأنزيم المعوي الذي يحول مولد التربسين إلى تربسين هو:,ما هو الأنزيم المعوي الذي يحول مولد التربسين إلى تربسين؟,الإنتيروكيناز,مالتاز,ليباز,أمينو بولي ببتيداز,,,A,ABCD,الإنتيروكيناز,
4448,Y1,Physiology,Physiology,تعود أهمية التأخير الذي يحدث أثناء مرور كامن الفعل في العقدة الأذينية البطينية:,ما هي أهمية التأخير الذي يحدث أثناء مرور كامن الفعل في العقدة الأذينية البطينية؟,إنهاء التقلص الأذيني قبل بدء التقلص البطيني.,ضمان انتقال الدم من الأذينة إلى البطين.,لضمان الحفاظ على نتاج قلبي سوي.,كل ما سبق صحيح.,,,D,ABCD,كل ما سبق صحيح.,
4449,Y1,Physiology,Physiology,سبب ظهور طور الهضبة في كامن فعل العضلة القلبية هو:,ما هو سبب ظهور طور الهضبة في كامن فعل العضلة القلبية؟,دخول شوارد الكالسيوم.,دخول شوارد الصوديوم.,عدم دخول شوارد البوتاسيوم.,ليس أيا مما سبق.,,,A,ABCD,دخول شوارد الكالسيوم.,
4452,Y1,Physiology,Physiology,يعود طور الهضبة في كمون عمل الليف العضلي القلبي إلى انفتاح أقنية:,ما الأقنية التي يسبب انتفاحها بطور الهضبة في كمون عمل الليف العضلي القلبي؟,الصوديوم,الكالسيوم,البوتاسيوم,الكلور,,,B,ABCD,الكالسيوم,ما الأقنية التي يسبب انتفاحها بطور الهضبة في كمون عمل الليف العضلي القلبي؟
4471,Y1,Statistics,Statistics,المخطط الذي عبارة عن صندوق ذو قرنين ممتدين بشكل موازي للمحور الشاقولي الذي تتوزع عليه القياسات:,ما هو المخطط الذي عبارة عن صندوق ذو قرنين ممتدين بشكل موازي للمحور الشاقولي الذي تتوزع عليه القياسات؟,المخطط الصندوقي,مخطط الدائرة,مخطط الساق والورقة,مخطط الانتشار,,,A,ABCD,المخطط الصندوقي,
4474,Y1,Statistics,Statistics,المقياس الذي يسمح بترتيب السمات دون اعتبار لتساوي الفروق بين أي رتبتين هو:,ما هو المقياس الذي يسمح بترتيب السمات دون اعتبار لتساوي الفروق بين أي رتبتين؟,الرتبي,الفتروي,النسبي,الاسمي,,,A,ABCD,الرتبي,
4475,Y1,Statistics,Statistics,إذا كانت قيمة معامل الارتباط تساوي −0.92-0.92، فهذا يعني:,ماذا يعني أن تكون قيمة معامل الارتباط تساوي −0.92؟,وجود علاقة طردية قوية,وجود علاقة عكسية قوية,وجود علاقة طردية ضعيفة,وجود علاقة عكسية ضعيفة,,,B,ABCD,وجود علاقة عكسية قوية,
4477,Y1,Statistics,Statistics,إن مصادر البيانات السكانية هي:,ما هي مصادر البيانات السكانية؟,التعداد,مسوح العينة,التعداد ومسوح العينة والسجلات السكانية,السجلات السكانية,,,C,ABCD,التعداد ومسوح العينة والسجلات السكانية,
4478,Y1,Statistics,Statistics,بعد تحديد مجتمع الدراسة والعينة وقياس قيم المتغير على افراد العينة نحصل على:,ماذا نحصل عليه بعد تحديد مجتمع الدراسة والعينة وقياس قيم المتغير على أفراد العينة؟,البيانات الخام,البيانات المنظمة,البيانات الكمية,البيانات الاسمية,,,A,ABCD,البيانات الخام,
4480,Y1,Statistics,Statistics,عدد الكريات الحمر هو متغير:,ما هو نوع المتغير الذي يمثله عدد الكريات الحمر؟,نوعي,عشوائي مستمر,عشوائي منفصل,رتبي,,,C,ABCD,عشوائي منفصل,
4481,Y1,Statistics,Statistics,قيمة الصفر تكون نسبية وليست مطلقة في:,ما هو المقياس الذي تكون فيه قيمة الصفر نسبية وليست مطلقة؟,المقياس الفتروي,المقياس النسبي,المقياس الرتبي,المقياس الاسمي,,,A,ABCD,المقياس الفتروي,
4482,Y1,Statistics,Statistics,إن مخطط تنظيم البيانات والذي يشبه أسلوب الجداول التكرارية والأعمدة هو:,ما هو مخطط تنظيم البيانات الذي يشبه أسلوب الجداول التكرارية والأعمدة؟,المخطط الصندوقي,مخطط الساق والورقة,مخطط الدائرة,مخطط الانتشار,,,B,ABCD,مخطط الساق والورقة,
4484,Y1,Statistics,Statistics,التوقع الرياضي للعدد الثابت يساوي:,ما هو التوقع الرياضي للعدد الثابت؟,ضعف العدد الثابت المحدد,العدد الثابت ذاته,الصفر,لا شيء مما ذكر صحيح,,,B,ABCD,العدد الثابت ذاته,
4491,Y1,Statistics,Statistics,من أجل اختبار الفروض حول معامل الارتباط الخطي تستخدم توزيع:,ما هو التوزيع المستخدم من أجل اختبار الفروض حول معامل الارتباط الخطي؟,معياري طبيعي,ستيودنت بدرجة حرية n-1,ستيودنت بدرجة حرية n-2,كاي مربع بدرجة حرية n-2,,,C,ABCD,ستيودنت بدرجة حرية n-2,
4494,Y1,Statistics,Statistics,الإحصاء الذي يسعى لعرض وتوضيح سلوك الظاهرة هو:,ما هو الإحصاء الذي يسعى لعرض وتوضيح سلوك الظاهرة؟,إحصاء وصفي,إحصاء استنتاجي,إحصاء استدلالي,Inferential Statistics,,,A,ABCD,إحصاء وصفي,
4495,Y1,Statistics,Statistics,الفرض الرئيسي من حساب معامل الارتباط الخطي هو:,ما هو الغرض الرئيسي من حساب معامل الارتباط الخطي؟,التنبؤ بقيم أحد المتغيرين عن طريق المتغير الآخر,قياس قوة العلاقة الخطية بين متغيرين,التمثيل البياني لكل متغير من المتغيرات المدروسة,كل ما سبق غير صحيح,,,B,ABCD,قياس قوة العلاقة الخطية بين متغيرين,
4497,Y1,Statistics,Statistics,إن الخط المنكسر الذي يصل النقاط التي فواصلها مراكز الفئات وترتيبها تكرارات الفئات هو :,ما هو الخط المنكسر الذي يصل النقاط التي فواصلها مراكز الفئات وترتيبها تكرارات الفئات؟,المنحني التكراري,المضلع التكراري,المدرج التكراري,التمثيل الدائري,,,B,ABCD,المضلع التكراري,
4498,Y1,Statistics,Statistics,نحصل على المصادر الداخلية لجمع البيانات من:,من أين نحصل على المصادر الداخلية لجمع البيانات؟,داخل الشركة أو المؤسسة,الدولة,المنظمات الدولية,لا شيء مما سبق,,,A,ABCD,داخل الشركة أو المؤسسة,
4502,Y1,Statistics,Statistics,الإحصاء هو:,ما هو الإحصاء؟,أي دالة في العينة,أي دالة في العينة لا تتبع وسيط مجهول,أي دالة في العينة تتبع أي وسيط,أي تركيب خطي في العينة والوسيط,,,B,ABCD,أي دالة في العينة لا تتبع وسيط مجهول,
4505,Y1,Statistics,Statistics,إذا قبل المريض في يوم وتخرج في نفسه يحتسب يوم:,ماذا يحتسب اليوم إذا قُبل المريض في يوم وتخرج في نفس اليوم؟,دخول,خروج,مدة استشفاء,غير ذلك,,,C,ABCD,مدة استشفاء,ماذا يحتسب اليوم إذا قُبل المريض في يوم وتخرج في نفس اليوم؟
4508,Y1,Statistics,Statistics,إن طريقة جمع البيانات التي تتناسب مع الأطفال هي:,ما هي طريقة جمع البيانات التي تتناسب مع الأطفال؟,التجربة,المقابلة,التسجيل,الملاحظة,,,D,ABCD,الملاحظة,
4522,Y1,Statistics,Statistics,الدراسات التي بحكم الميدان تنفيذ العمل وجمع البيانات هي:,ما هي الدراسات التي بحكم الميدان تنفيذ العمل وجمع البيانات؟,الدراسات الكمية,الدراسات الكيفية,الدراسات السريعة,الدراسات الدقيقة,,,B,ABCD,الدراسات الكيفية,
4527,Y1,Statistics,Statistics,الجداول التكرارية تستخدم لعرض:,ما هو الغرض من استخدام الجداول التكرارية؟,البيانات الوصفية,البيانات الكمية,البيانات الوصفية والكمية,لا يوجد شيء اسمه جداول تكرارية,,,C,ABCD,البيانات الوصفية والكمية,
4528,Y1,Statistics,Statistics,يوجد نوعين من البيانات هما:,ما هما نوعا البيانات الموجودان؟,كمية ووصفية,رسمية وكمية,رسمية وغير رسمية,اسمية وغير رسمية,,,A,ABCD,كمية ووصفية,
4531,Y1,Statistics,Statistics,دالة التوزيع الاحتمالي المتجمع تعطينا:,ما الذي تعطينا إياه دالة التوزيع الاحتمالي المتجمع؟,احتمال أن يأخذ متغير عشوائي X قيمة محددة,احتمال ان ياخد المتغير العشوائى x قيمه اكبر من قيمه محدده,احتمال ان ياخد المتغير العشوائى x قيمه اقل او تساوى قيمه محددة,كل ما ذكر صحيح,,,C,ABCD,احتمال ان ياخد المتغير العشوائى x قيمه اقل او تساوى قيمه محددة,
4541,Y1,Statistics,Statistics,يتكرر التعداد السكاني عادة كل:,كل متى يتكرر التعداد السكاني عادة؟,خمسة أعوام,عشرة أعوام,خمسة عشر عاماً,غير ذلك,,,B,ABCD,عشرة أعوام,كل متى يتكرر التعداد السكاني عادة؟
4546,Y1,Statistics,Statistics,الفارق في عدد السكان بين تعدادين متعاقبين تفصلهما فترة معينة كعشر سنوات:,ما هو الفارق في عدد السكان بين تعدادين متعاقبين تفصلهما فترة معينة كعشر سنوات؟,التغير المطلق,التغير النسبي,التغير الأعظمي,التغير الحجمي,,,A,ABCD,التغير المطلق,
4551,Y1,Statistics,Statistics,المسجل الذي يهدف الى تجميع المعلومات عن المرضى:,ما هو المسجل الذي يهدف إلى تجميع المعلومات عن المرضى؟,السجلات الدوائية,سجلات الموتى,السجلات الإحصائية,السجلات الطبية,,,D,ABCD,السجلات الطبية,
4563,Y1,Statistics,Statistics,من أقدم الطرق المستخدمة لجمع البيانات لمراقبة الكثير من الظواهر لا سيما التي يصعب السؤال عنها:,ما هي من أقدم الطرق المستخدمة لجمع البيانات لمراقبة الكثير من الظواهر لا سيما التي يصعب السؤال عنها؟,الملاحظة أو المشاهدة,البريد,التجربة,الهاتف المحمول,,,A,ABCD,الملاحظة أو المشاهدة,
4564,Y1,Statistics,Statistics,المقياس المستخدم لوصف حالة التدخين (مدخن - غير مدخن) :,ما هو المقياس المستخدم لوصف حالة التدخين (مدخن - غير مدخن)؟,الاسمي,الرتبي,الفتروي,النسي,,,A,ABCD,الاسمي,
4566,Y1,Statistics,Statistics,يتم الحصول على بيانات تتعلق بضغط الدم وسرعة نبضات القلب ونسبة الكوليسترول في الدم لعينة من المرضى خلال فترة أسبوع عن طريق:,ما هي الطريقة التي يتم بها الحصول على بيانات تتعلق بضغط الدم وسرعة نبضات القلب ونسبة الكوليسترول في الدم لعينة من المرضى خلال فترة أسبوع؟,البريد,التسجيل,استخدام الإنترنت,الهواتف المحمولة,,,B,ABCD,التسجيل,
4567,Y1,Statistics,Statistics,من وظائف السجلات الطبية .,ما هي وظائف السجلات الطبية؟,معرفة تعداد السكان .,اختبار الفرضيات .,ترميز الامراض والعمليات .,كل ما سبق .,,,C,ABCD,ترميز الامراض والعمليات .,
4568,Y1,Statistics,Statistics,يمكن استخدام الطرق الإحصائية الوسيطية في المقياس:,ما هو المقياس الذي يمكن استخدام الطرق الإحصائية الوسيطية فيه؟,الرتبي,النسبي,الاسمي,الفتروي,,,B,ABCD,النسبي,
4572,Y1,Statistics,Statistics,إذا كان للمتغير العشوائي Z توزيع طبيعي معياري، فإن مربعه Z² يتبع:,ما هو التوزيع الذي يتبعه مربع المتغير العشوائي Z² إذا كان للمتغير العشوائي Z توزيع طبيعي معياري؟,توزيع كاي مربع بدرجة حرية واحدة,توزيع كاي مربع بدرجتي حرية,توزيع طبيعي معياري,كل ما ذكر غير صحيح,,,A,ABCD,توزيع كاي مربع بدرجة حرية واحدة,
4574,Y1,Statistics,Statistics,المنظمة التى وضعت تصنيف دولي للأمراض .,ما هي المنظمة التي وضعت التصنيف الدولي للأمراض؟,اليونيسيف .,الاونروا .,منظمة الصحة العالمية .,صندوق النقد الدولي.,,,C,ABCD,منظمة الصحة العالمية .,
4580,Y1,Statistics,Statistics,الجهة المسؤولة عن السجلات الطبية:,ما هي الجهة المسؤولة عن السجلات الطبية؟,قسم الاستقبال في المشفى,قسم الممرضين بالمشفى,قسم السجلات الطبية في المشفى,قسم التسويق,,,C,ABCD,قسم السجلات الطبية في المشفى,
4586,Y1,Statistics,Statistics,التوقع الرياضي لمتحول عشوائي يخضع لتوزيع برنولي:,ما هو التوقع الرياضي لمتحول عشوائي يخضع لتوزيع برنولي؟,Np,Npq,P,Q,,,C,ABCD,P,
4588,Y1,Statistics,Statistics,التصنيف الدولي للأمراض يتألف من .,ما هو التصنيف الدولي للأمراض؟,ثلاثة أجزاء .,جزء واحد .,أربعة أجزاء.,خمس اجزاء .,,,A,ABCD,ثلاثة أجزاء .,
4589,Y1,Statistics,Statistics,ان منحنى التوزيع الطبيعي المعياري يكون مناظر حول المستقيم:,ما هو المستقيم الذي يكون منحنى التوزيع الطبيعي المعياري مناظراً حوله؟,x=0,Y=0,Z=0,كل ما سبق خطأ,,,A,ABCD,x=0,
4594,Y1,Statistics,Statistics,أيام الخدمة الاجمالية للمرضى الداخليين:,ما هي أيام الخدمة الإجمالية للمرضى الداخليين؟,عدد الأيام التي تلقى فيها الرعاية من المشفى,مجموع خدمة جميع المرضى الداخليين خلال مدة معينة,الحالة التي أطلقت سلسلة الاحداث التي أدت للوفاة,حساب عدد المرضى الداخليين,,,B,ABCD,مجموع خدمة جميع المرضى الداخليين خلال مدة معينة,
4595,Y1,Statistics,Statistics,قيمة معامل التجديد تساوي:,ما هي قيمة معامل التجديد؟,مربع معامل الارتباط الخطي,الجذر التربيعي لمعامل الارتباط الخطي,ضعفي معامل الارتباط الخطي,قيمة ميل مستقيم الانحدار,,,A,ABCD,مربع معامل الارتباط الخطي,
4596,Y1,Statistics,Statistics,إن وحدة المعاينة هي:,ما هي وحدة المعاينة؟,طريقة أخذ العينة,مجموعة عناصر من العينة,عنصر من العينة,إطار العينة,,,C,ABCD,عنصر من العينة,
4597,Y1,Statistics,Statistics,جدول تكراري يضم عدد البيانات في فئة معينة وكل الفئات التي تسبقها:,ما هو الجدول التكراري الذي يضم عدد البيانات في فئة معينة وكل الفئات التي تسبقها؟,تكرار المجتمع الهابط,تكرار المجتمع الصاعد,تكرار المجتمع الطبقي,تكرار المجتمع التسلسلي,,,B,ABCD,تكرار المجتمع الصاعد,
4598,Y1,Statistics,Statistics,معدل الوفيات في المشفى عبارة عن:,ما هو معدل الوفيات في المشفى؟,حساب عدد المرضى الداخلين في زمن معين,عدد الأيام التي تلقى فيها المريض الرعاية في المشفى,عدد الوفيات خلال فترة زمنية محددة على عدد المتخرجين والوفيات في نفس الفترة مضروب بـ 100,حساب عدد المرضى المتخرجين في زمن معين,,,C,ABCD,عدد الوفيات خلال فترة زمنية محددة على عدد المتخرجين والوفيات في نفس الفترة مضروب بـ 100,
4601,Y1,Statistics,Statistics,في تجربة رمي قطعة نقود 3 مرات متتالية فإن متوسط التوزيع الاحتمالي هو: حيث x تدل على عدد ظهور H,ما هو متوسط التوزيع الاحتمالي في تجربة رمي قطعة نقود 3 مرات متتالية حيث x تدل على عدد ظهور H؟,1.5,2025-07-08 0:00:00,3,0.75,,,A,ABCD,1.5,
4604,Y1,Statistics,Statistics,المجتمع الاحصائي (الجمهرة) هو مجموعة من الأفراد أو العناصر :,ما هو المجتمع الإحصائي (الجمهرة)؟,مأخوذة من العينة,مأخوذة من بيانات كيفية فقط,التي تشترك فيما بينها ببعض الخواص والمميزات,التي لا تشترك فيما بينها ببعض الخواص والمميزات,,,C,ABCD,التي تشترك فيما بينها ببعض الخواص والمميزات,
4618,Y1,Statistics,Statistics,يتكون من مجموعة من الأعمدة المتجاورة المقامة على المحور الأفقي الذي تمثل عليه حالات الصفة المدروسة عندما تكون البيانات وصفية وفترات الفئات عندما تكون البيانات كمية ويساوي ارتفاع كل عمود تكرارات الفئة المقام عليها:,ما هو الرسم البياني الذي يتكون من مجموعة من الأعمدة المتجاورة المقامة على المحور الأفقي الذي تمثل عليه حالات الصفة المدروسة عندما تكون البيانات وصفية وفترات الفئات عندما تكون البيانات كمية ويساوي ارتفاع كل عمود تكرارات الفئة المقام عليها؟,المضلع التكراري,المدرج التكراري,المنحني التكراري,B+C,,,B,ABCD,المدرج التكراري,
4622,Y1,Statistics,Statistics,طريقة لجمع البيانات من أمثلتها قياس شدة تأثير نوع من الهرمونات في مجموعة من الفئران:,ما هي طريقة جمع البيانات التي من أمثلتها قياس شدة تأثير نوع من الهرمونات في مجموعة من الفئران؟,التجربة,التسجيل,البريد,الانترنيت,,,A,ABCD,التجربة,
4623,Y1,Statistics,Statistics,ان طول شخص بالغ وقياس السكر في الدم هو متغير:,ما نوع المتغير الذي يمثله طول شخص بالغ وقياس السكر في الدم؟,عشوائي منفصل,عشوائي اسمي,عشوائي مستمر,غير ذلك,,,C,ABCD,عشوائي مستمر,
4628,Y1,Statistics,Statistics,يكون المجتمع غير متجانس في العينة غير العشوائية:,متى يكون المجتمع غير متجانس في العينة غير العشوائية؟,المصادفة,العمدية,الحصصية,القصدية,,,C,ABCD,الحصصية,
4629,Y1,Statistics,Statistics,يعتمد توزيع ستيودنت على:,ما الذي يعتمد عليه توزيع ستيودنت؟,المتوسط,الانحراف المعياري,التباين,درجة الحرية,,,D,ABCD,درجة الحرية,
4630,Y1,Statistics,Statistics,من محتويات السجل الطبي,ما هي محتويات السجل الطبي؟,صفحة السجل المهني,صفحة الموافقة على العلاج,السيرة الذاتية,العلاقة بين المرضى,,,B,ABCD,صفحة الموافقة على العلاج,
4631,Y1,Statistics,Statistics,التصنيف الدولي للأمراض هو عبارة عن رموز وأرقام للإشارة:,ما هو التصنيف الدولي للأمراض وما الغرض من الرموز والأرقام المستخدمة فيه؟,عن الظواهر الطبيعية .,عن الامراض .,عن المرضى .,ليس مما سبق .,,,B,ABCD,عن الامراض .,
4634,Y1,Statistics,Statistics,إذا كنا أمام مجتمع غير متجانس فإننا نسحب عينة:,ما نوع العينة التي نسحبها إذا كنا أمام مجتمع غير متجانس؟,بسيطة,حصصية,طبقية,منتظمة,,,C,ABCD,طبقية,
4636,Y1,Statistics,Statistics,تستخدم الجداول التكرارية لعرض البيانات:,ما هو الغرض من استخدام الجداول التكرارية في عرض البيانات؟,الاسمية,الكمية,الكمية والاسمية,لا الكمية ولا الاسمية,,,C,ABCD,الكمية والاسمية,
4640,Y1,Statistics,Statistics,يتم الحصول على بيانات تتعلق بضغط الدم ونسبة الكوليسترول بالدم لعينة من المرضى خلال فترة زمنية معينة عن طريق:,ما هي الطريقة التي يتم بها الحصول على بيانات تتعلق بضغط الدم ونسبة الكوليسترول بالدم لعينة من المرضى خلال فترة زمنية معينة؟,البريد,التسجيل,الإنترنت,الملاحظة أو المشاهدة,,,D,ABCD,الملاحظة أو المشاهدة,
4644,Y1,Statistics,Statistics,أعلى مستويات القياس:,ما هي أعلى مستويات القياس؟,المقياس الاسمي,المقياس الفتروي,المقياس الرتبي,المقياس النسبي,,,C,ABCD,المقياس الرتبي,
4645,Y1,Statistics,Statistics,يهدف تغيير الطرائق في الدراسات للحصول على بيانات:,ما هو الهدف من تغيير الطرائق في الدراسات بالنسبة للبيانات؟,واضحة,أكثر من المطلوب,أقل من المطلوب,أفضل دقة ممكنة,,,D,ABCD,أفضل دقة ممكنة,ما هو الهدف من تغيير الطرائق في الدراسات بالنسبة للبيانات؟
4646,Y1,Statistics,Statistics,طريقة جمع البيانات والتي تمتاز بالتكلفة العالية:,ما هي طريقة جمع البيانات التي تمتاز بالتكلفة العالية؟,الملاحظة,البريد,المقابلة الشخصية,الهواتف المحمولة,,,C,ABCD,المقابلة الشخصية,
4647,Y1,Statistics,Statistics,الفارق في عدد السكان بين تعدادين متعاقبين تفصلهما فترة معينة كعشر سنوات:,ما هو الفارق في عدد السكان بين تعدادين متعاقبين تفصلهما فترة معينة كعشر سنوات؟,التغير النسبي,التغير المطلق,التغير الاعظمي,التغير الحجمي,,,B,ABCD,التغير المطلق,
4650,Y1,Statistics,Statistics,الجزء من الإحصاء الذي يعنى بوصف طبيعة وسلوك الظاهرة المدروسة وعرضها هو:,ما هو الجزء من الإحصاء الذي يعنى بوصف طبيعة وسلوك الظاهرة المدروسة وعرضها؟,الإحصاء الاستنتاجي,الإحصاء الوصفي,اختبار الفرضيات,كل ما سبق صحيح,,,B,ABCD,الإحصاء الوصفي,
4651,Y1,Statistics,Statistics,الفئة التي تشكل قاعدة الهرم السكاني هي:,ما هي الفئة التي تشكل قاعدة الهرم السكاني؟,الأطفال,الشباب,اليفع,ما فوق 60,,,A,ABCD,الأطفال,
4655,Y1,Statistics,Statistics,لاختبار الفرضيات حول معامل الارتباط الخطي لبيرسون تكون فرضية العدم:,ما هي فرضية العدم لاختبار الفرضيات حول معامل الارتباط الخطي لبيرسون؟,قيمة معامل ارتباط المجتمع تساوي الصفر,العلاقة طردية,العلاقة عكسية,قيمة معامل ارتباط المجتمع تساوي واحد,,,A,ABCD,قيمة معامل ارتباط المجتمع تساوي الصفر,
4657,Y1,Statistics,Statistics,التكرار المتجمع الهابط لفئة معينة,ما هو التكرار المتجمع الهابط لفئة معينة؟,عدد البيانات المتضمنة في الفئة والفئات التي تسبقها,عدد البيانات في الفئة والفئات التي تليها,متوسط عدد البيانات للفئتين السابقة واللاحقة,لها مجموع عدد البيانات للفئات السابقة,,,B,ABCD,عدد البيانات في الفئة والفئات التي تليها,
4661,Y1,Statistics,Statistics,التجربة الثنائية الوحيدة يكون لها التوزيع:,ما هو التوزيع الذي تتبعه التجربة الثنائية الوحيدة؟,البرنولي,البواسوني,الحداني,الطبيعي,,,A,ABCD,البرنولي,
4663,Y1,Statistics,Statistics,نتاج للعوامل المؤثرة في النمو السكاني من مواليد ووفيات وهجرة:,ما هو نتاج العوامل المؤثرة في النمو السكاني من مواليد ووفيات وهجرة؟,التركيب الاجتماعي,التركيب النوعي,التركيب العمري,غير ذلك,,,C,ABCD,التركيب العمري,
4667,Y1,Statistics,Statistics,لقياس خضاب الدم يستخدم المقياس:,ما هو المقياس المستخدم لقياس خضاب الدم؟,الاسمي,الرتبي,الفتروي,النسبي,,,D,ABCD,النسبي,
4672,Y1,Statistics,Statistics,البيانات التي نحصل عليها من الشركة أو المؤسسة وذلك من واقع مستنداتها وسجلاتها وفواتيرها وتقاريرها الدورية تعتبر مصدر:,ما هو نوع المصدر الذي تمثله البيانات التي نحصل عليها من الشركة أو المؤسسة من واقع مستنداتها وسجلاتها وفواتيرها وتقاريرها الدورية؟,داخلي,خارجي,معلن,منشور,,,A,ABCD,داخلي,
4679,Y1,Statistics,Statistics,الجهة المسؤولة عن السجلات الطبية هي:,ما هي الجهة المسؤولة عن السجلات الطبية؟,وزارة الصحه فى البلد,مديريه الصحه فى المحافظه,قسم السجلات الطبيه فى المشفى,الاطباء والممرضون,,,C,ABCD,قسم السجلات الطبيه فى المشفى,
4680,Y1,Statistics,Statistics,إن جمع البيانات وتنظيمها وتوصيفها وتبويبها وتلخيصها موجود في الإحصاء:,ما هو نوع الإحصاء الذي يتضمن جمع البيانات وتنظيمها وتوصيفها وتبويبها وتلخيصها؟,الوصفي,الاستنتاجي,الاستدلالي,A+B,,,A,ABCD,الوصفي,
4683,Y1,Statistics,Statistics,إذا أجرى طبيب دراسة على مجموعة من المرضى الذين يراجعونه تكون هذه المجموعة هي عينة:,ما نوع العينة التي تمثلها مجموعة من المرضى الذين يراجعون طبيباً معيناً عندما يجري عليهم دراسة؟,حصصية,مصادفة,قصدية,عنقودية,,,B,ABCD,مصادفة,
4684,Y1,Statistics,Statistics,اذا كانت قيمة بيرسون R=0.92 فإن العلاقة:,ما نوع العلاقة إذا كانت قيمة بيرسون R=0.92؟,طردية قوية,عكسية موجبة,طردية متوسطة,موجبة ضعيفة,,,A,ABCD,طردية قوية,
4687,Y1,Statistics,Statistics,يعبر عن وحدة المعاينة بأنها:,ما هي وحدة المعاينة؟,طريقة أخذ العينة,مجموعة عناصر من العينة,عنصر من العينة,إطار العينة,,,C,ABCD,عنصر من العينة,
4688,Y1,Statistics,Statistics,يتم الحصول على بيانات تتعلق بضغط الدم وسرعة نبضات القلب ونسبة الكولسترول في الدم لعينة من المرضى خلال فترة أسبوع عن طريق:,ما هي الطريقة التي يتم بها الحصول على بيانات تتعلق بضغط الدم وسرعة نبضات القلب ونسبة الكولسترول في الدم لعينة من المرضى خلال فترة أسبوع؟,البريد,التسجيل,استخدام الإنترنت,الملاحظة أو المشاهدة,,,D,ABCD,الملاحظة أو المشاهدة,
4690,Y1,Statistics,Statistics,إذا كان تزايد المتغير العشوائي X يؤدي إلى تزايد المتغير التابع Y فإن الارتباط بينهما:,ما نوع الارتباط بين المتغير العشوائي X والمتغير التابع Y إذا كان تزايد X يؤدي إلى تزايد Y؟,سلبي,عكسي,إيجابي,كل ما سبق,,,C,ABCD,إيجابي,
4692,Y1,Statistics,Statistics,"احتمال أي حدث لا يزيد عن الواحد "" العبارة السابقة تعبر عن","ماذا تعبر عنه العبارة ""احتمال أي حدث لا يزيد عن الواحد""؟",شرط المتغير العشوائي,المسلمة الاحتمالية,A+B,غير ذلك,,,B,ABCD,المسلمة الاحتمالية,
4693,Y1,Statistics,Statistics,ان معدل اطوال الأبناء تنحدر من معامل المجتمع فتسمى الظاهرة:,ما تسمى الظاهرة التي يحدث فيها انحدار معدل أطوال الأبناء من معامل المجتمع؟,الانحدار نحو المعدل,ارتباط,تحديد,كل ما سبق صحيح,,,A,ABCD,الانحدار نحو المعدل,
4694,Y1,Statistics,Statistics,تستخدم التقدير....... لتقدير نسبة النجاح لمجتمع:,ما هي التقديرات التي تستخدم لتقدير نسبة النجاح لمجتمع؟,المجالي,مجالات الثقة,التقدير النقطي,كل ما سبق خطأ,,,C,ABCD,التقدير النقطي,
4696,Y1,Statistics,Statistics,نقذف قطعة نقود حتى يظهر الوجه H للمرة الأولى فإن المتغير العشوائي الذي يدل على عدد القذفات هو متغير:,ما نوع المتغير العشوائي الذي يدل على عدد القذفات عند قذف قطعة نقود حتى يظهر الوجه H للمرة الأولى؟,متقطع قيمة الاعداد الطبيعية,متصل قيمة الاعداد الطبيعية,منفصل قيمة الاعداد الحقيقية,مستمر قيمة الاعداد الحقيقية,,,A,ABCD,متقطع قيمة الاعداد الطبيعية,
4699,Y1,Statistics,Statistics,متوسط عدد الأطفال الذي يمكن أن ينجبوا أحياء لكل امرأة إذا أمضت حياتها منذ ميلادها بما يتماشى مع معدلات الخصوبة العمرية في سنة معينة:,ما هو متوسط عدد الأطفال الذي يمكن أن تنجبهم المرأة أحياء إذا أمضت حياتها منذ ميلادها بما يتماشى مع معدلات الخصوبة العمرية في سنة معينة؟,معدل الخصوبة العام,معدل الخصوبة الصافي,معدل الخصوبة الكلية,معدل المواليد الخام,,,C,ABCD,معدل الخصوبة الكلية,
4700,Y1,Statistics,Statistics,طريقة تمكننا من مراقبة رد الفعل على بعض الأسئلة والحصول على إجابات دقيقة:,ما هي الطريقة التي تمكننا من مراقبة رد الفعل على بعض الأسئلة والحصول على إجابات دقيقة؟,التجربة,المواجهة,البريد,التسجيل,,,B,ABCD,المواجهة,
4702,Y1,Statistics,Statistics,إن نوع البيانات المستخدمة لإنشاء الجدول التكراري هو :,ما هو نوع البيانات المستخدمة لإنشاء الجدول التكراري؟,كمية,وصفية,رتبية,كمية و وصفية,,,D,ABCD,كمية و وصفية,
4714,Y1,Statistics,Statistics,المجتمع الإحصائي هو مجموعة من الأفراد أو العناصر:,ما هي طبيعة الأفراد أو العناصر التي تشكل المجتمع الإحصائي؟,التي تشترك فيما بينها ببعض الخواص والمميزات,التي لا تشترك فيما بينها ببعض الخواص والمميزات,مأخوذة من العينة,مأخوذة من بيانات كيفية فقط,,,A,ABCD,التي تشترك فيما بينها ببعض الخواص والمميزات,ما هي طبيعة الأفراد أو العناصر التي تشكل المجتمع الإحصائي؟
4717,Y1,Statistics,Statistics,عدد الكريات الحمر في الجسم هو متغير:,ما هو عدد الكريات الحمر في الجسم؟,نوعي,عشوائي منفصل,عشوائي مستمر,رتبي,,,B,ABCD,عشوائي منفصل,
4720,Y1,Statistics,Statistics,عدد الوفيات لدى النساء الحوامل التي حدثت اثناء الحمل او الولادة او النفاس / عدد المواليد الاحياء خلال نفس السنة مضروبا ب 100000,ما هو معدل وفيات الأمهات الذي يحسب بقسمة عدد الوفيات لدى النساء الحوامل التي حدثت أثناء الحمل أو الولادة أو النفاس على عدد المواليد الأحياء خلال نفس السنة مضروباً في 100000؟,معدل الوفيات الخام,معدل الوفيات النوعي للعمر,معدل وفيات الرضع,معدل وفيات الأمهات,,,D,ABCD,معدل وفيات الأمهات,
4723,Y1,Statistics,Statistics,المعدلات التي يكون تركيزها على معدلات الخصوبة لفئة معينة من العمر لغرض المقارنة على امتداد زمن ما ودراسة الفروق في ظاهرة الخصوبة بمختلف الاعمار:,ما هي المعدلات التي يكون تركيزها على معدلات الخصوبة لفئة معينة من العمر لغرض المقارنة على امتداد زمن ما ودراسة الفروق في ظاهرة الخصوبة بمختلف الأعمار؟,معدل الخصوبة العمري,معدل المواليد العام,معدل الوفيات العام,معدل الخصوبة الخام,,,A,ABCD,معدل الخصوبة العمري,
4724,Y1,Statistics,Statistics,تزايد المتغير العشوائي x يؤدي إلى تناقص متغير التابع y فإن العلاقة بين المتغيرين:,ما هي العلاقة بين المتغيرين عندما يؤدي تزايد المتغير العشوائي x إلى تناقص المتغير التابع y؟,سلبي,إيجابي,معدوم,كل ما سبق خطأ,,,A,ABCD,سلبي,
4729,Y1,Statistics,Statistics,المقياس المستخدم لوصف حالة التدخين (مدخن / غير مدخن) هو:,ما هو المقياس المستخدم لوصف حالة التدخين (مدخن / غير مدخن)؟,مقياس اسمي,مقياس رتبي,مقياس فتروي,مقياس نسبي,,,A,ABCD,مقياس اسمي,
4730,Y1,Statistics,Statistics,نقول عن مجموعة من المتغيرات العشوائية انها تشكل عينة عشوائية اذا كانت :,ما هي الشروط التي يجب توفرها في مجموعة من المتغيرات العشوائية لتشكل عينة عشوائية؟,مرتبطة ولها قانون التوزبع نفسه,مستقلة ولها قانون التوزيع نفسه,متنافية ولها قانون التوزيع نفسه,مستقلة ولكل منها قانون توزيعه الخاص,,,B,ABCD,مستقلة ولها قانون التوزيع نفسه,
4731,Y1,Statistics,Statistics,المستوى الذي يمكن حساب فيه المتوسطات والانحرافات المعيارية ومقاييس العلاقة الخطية هو :,ما هو المستوى الذي يمكن حساب فيه المتوسطات والانحرافات المعيارية ومقاييس العلاقة الخطية؟,الرتبي,الإسمي,العنقودي,كل ما سبق,,,C,ABCD,العنقودي,
4736,Y1,Statistics,Statistics,يتراوح عدد الفئات غالبا عددها:,كم يتراوح عدد الفئات غالباً؟,بين 5 و15 فئة,بين 15 و25 فئة,5 فئات حصرا,كل ما سبق خاطئ,,,A,ABCD,بين 5 و15 فئة,
4740,Y1,Statistics,Statistics,لاختبار الفرضيات حول معامل الارتباط الخطي لبيرسون تكون فرضية العدم:,ما هي فرضية العدم لاختبار الفرضيات حول معامل الارتباط الخطي لبيرسون؟,العلاقة طردية,قيمة معامل ارتباط المجتمع تساوي الصفر,العلاقة عكسية,قيمة معامل الارتباط المجتمع تساوي الواحد,,,B,ABCD,قيمة معامل ارتباط المجتمع تساوي الصفر,
4743,Y1,Statistics,Statistics,معدل الوفيات الخام هو:,ما هو معدل الوفيات الخام؟,عدد الوفيات لكل الف من الرجال في سنة معينة,عدد الوفيات لكل الف من السكان في سنة معينة,عدد الوفيات لكل الف من النساء في فئة عمرية,نسبة عدد الوفيات الى عدد الولادات,,,B,ABCD,عدد الوفيات لكل الف من السكان في سنة معينة,
4744,Y1,Statistics,Statistics,الجهة المسؤولة عن السجلات الطبية:,ما هي الجهة المسؤولة عن السجلات الطبية؟,وزارة الصحة في البلد,مديرية الصحة في المحافظة,قسم السجلات الطبية في المستشفى,الأطباء والممرضين,,,C,ABCD,قسم السجلات الطبية في المستشفى,
4748,Y1,Statistics,Statistics,إن مخطط الانتشار لدراسة إحصائية بين خاصتين يستخدم,ما هو الغرض من استخدام مخطط الانتشار في الدراسة الإحصائية بين خاصتين؟,متغيرين,متغير واحد,عدة متغيرات,غير ذلك,,,A,ABCD,متغيرين,
4758,Y1,Statistics,Statistics,التوقع الرياضي لمجموع متغيرين عشوائيين يساوي:,ما هو التوقع الرياضي لمجموع متغيرين عشوائيين؟,جداء التوقعين الرياضيين للمتغيرين العشوائيين,مجموع التوقعين الرياضيين للمتغيرين العشوائيين,الفرق بين التوقعين الرياضيين للمتغيرين العشوائيين,لا شيء مما ذكر صحيح,,,B,ABCD,مجموع التوقعين الرياضيين للمتغيرين العشوائيين,
4761,Y1,Statistics,Statistics,التكرار المتجمع الصاعد لفئة معينة هو :,ما هو التكرار المتجمع الصاعد لفئة معينة؟,عدد البيانات المتضمنة في الفئة والفئات التي تسبقها,عدد البيانات في الفئة والفئات التي تليها,متوسط عدد البيانات للفئتين السابقة واللاحقة لها,مجموع عدد البيانات للفئات السابقة لها,,,A,ABCD,عدد البيانات المتضمنة في الفئة والفئات التي تسبقها,
4765,Y1,Statistics,Statistics,إن المنطقة التي تتألف من قيم دالة الاختبار قليلة الاحتمال عندما Ho صحيحة هي:,ما هي المنطقة التي تتألف من قيم دالة الاختبار قليلة الاحتمال عندما Ho صحيحة؟,منطقة القبول,منطقة الرفض,المنطقة الأكيدة,منطقة العمل,,,B,ABCD,منطقة الرفض,
4768,Y1,Statistics,Statistics,المجتمع الاحصائي هو مجموعة من الافراد او العناصر:,ما هو المجتمع الإحصائي؟,التي تشترك فيما بينها ببعض الخواص والميزات,التي لا تشترك فيما بينها ببعض الخواص والميزات,مأخوذة من العينة,مأخوذة من بيانات كيفية فقط,,,A,ABCD,التي تشترك فيما بينها ببعض الخواص والميزات,
4770,Y1,Statistics,Statistics,يقوم الإحصاء الاستنتاجي على:,ما الذي يقوم عليه الإحصاء الاستنتاجي؟,استخدام المؤشرات الإحصائية,على اتخاذ القرارات والتنبؤ والاستقرار والاستدلال,وصف طبيعة الظاهرة المدروسة,كل ما سبق خطأ,,,B,ABCD,على اتخاذ القرارات والتنبؤ والاستقرار والاستدلال,
4772,Y1,Statistics,Statistics,التصنيف الدولي للأمراض هو وثيقة تصدرها:,ما هي الجهة التي تصدر التصنيف الدولي للأمراض؟,منظمة الصحة العالمية,وزارة الصحة,مديرية الصحة,منظمة الأغذية العالمية,,,A,ABCD,منظمة الصحة العالمية,
4778,Y1,Statistics,Statistics,تختلف دلالات قيم المتغيرات العشوائية تبعا ل:,ما الذي تختلف تبعاً له دلالات قيم المتغيرات العشوائية؟,طبيعة العينة المعرفة عليها,المتغير نفسه الذي يعبر عن الظاهرة المدروسة,نوعية المقياس المستخدم,A+B,,,C,ABCD,نوعية المقياس المستخدم,
4781,Y1,Statistics,Statistics,الطريقة التي تستخدم فيها بعض التقنيات الإلكترونية للمراقبة والعد وتسجيل الملاحظات هي:,ما هي الطريقة التي تستخدم فيها بعض التقنيات الإلكترونية للمراقبة والعد وتسجيل الملاحظات؟,التسجيل,التجربة,البريد,المقابلة,,,A,ABCD,التسجيل,
4782,Y1,Statistics,Statistics,يحدد زمن حفظ السجلات الطبية ب:,ما الذي يحدد زمن حفظ السجلات الطبية؟,خمس سنوات,عشر سنوات,حسب الأسس المتبعة محليا في كل بلد,حسب الأسس التي تحددها منظمة الصحة العالمية,,,C,ABCD,حسب الأسس المتبعة محليا في كل بلد,
4783,Y1,Statistics,Statistics,لتكن لدينا عينة عشوائية حجمها n من توزيع برنولي بالوسيط P، فإن توزيع مجموع متغيرات هذه العينة يتوزع وفق التوزيع:,ما هو التوزيع الذي يتبعه مجموع متغيرات عينة عشوائية حجمها n من توزيع برنولي بالوسيط P؟,البرنولي,الثنائي,الطبيعي,الأسي,,,B,ABCD,الثنائي,
4787,Y1,Statistics,Statistics,باعتبار xمتغير عشوائي يدل على عدد أخوات طالب ما فإن مجموعة قيمه هي العدد:,ما هي مجموعة قيم المتغير العشوائي x الذي يدل على عدد أخوات طالب ما؟,حقيقي موجب,صحيح موجب,صحيح,طبيعي,,,B,ABCD,صحيح موجب,
4789,Y1,Statistics,Statistics,معدل المواليد الخام:,ما هو معدل المواليد الخام؟,عدد المواليد الاحياء في سنة معينة,عدد المواليد الاحياء لكل ألف من السكان في سنة معينة,عدد المواليد الاحياء لكل ألف من النساء في سنة معينة,عدد المواليد الاحياء لكل ألف من النساء المتزوجات في سنة معينة,,,B,ABCD,عدد المواليد الاحياء لكل ألف من السكان في سنة معينة,
4790,Y1,Statistics,Statistics,الفئة العمرية المهمة جدا من الناحية الصحية والتنموية:,ما هي الفئة العمرية المهمة جداً من الناحية الصحية والتنموية؟,فئة اليفع,فئة الأطفال,فئة المسنين,فئة الشباب,,,B,ABCD,فئة الأطفال,
4798,Y1,Statistics,Statistics,من مميزاتها تصلنا الإجابات خلال وقت قصير وتمتاز ببساطتها وقلة تكاليفها وسرعتها:,ما هي الطريقة التي تمتاز بوصول الإجابات خلال وقت قصير وتتميز ببساطتها وقلة تكاليفها وسرعتها؟,البريد,استخدام الانترنيت والمواقع الاجتماعية,المواجهة الشخصية,الاتصالات الهاتفية,,,B,ABCD,استخدام الانترنيت والمواقع الاجتماعية,
4802,Y1,Statistics,Statistics,المخطط الذي يساعد بدراسة العلاقة بين متغيرين وطبيعتها:,ما هو المخطط الذي يساعد بدراسة العلاقة بين متغيرين وطبيعتها؟,مخطط الفطيرة,مخطط الصندوق,مخطط الساق والورقة,مخطط الانتشار,,,D,ABCD,مخطط الانتشار,
4806,Y1,Statistics,Statistics,تحدد زمن حفظ السجلات الطبية في المشفى:,ما الذي يحدد زمن حفظ السجلات الطبية في المشفى؟,ثلاث شهور,حسب رغبة المريض,بناء على الأسس المتبعة محلياً في كل بلد,حسب خدمات المشفى,,,C,ABCD,بناء على الأسس المتبعة محلياً في كل بلد,
4812,Y1,Statistics,Statistics,يستخدم اختبار الفرضيات حول ميل خط الانحدار توزيع:,ما هو التوزيع الذي يستخدم في اختبار الفرضيات حول ميل خط الانحدار؟,ستيودنت,كاي مربع,فيشر,برنولي,,,A,ABCD,ستيودنت,
4816,Y1,Statistics,Statistics,من أسباب تفضيل أسلوب العينة على أسلوب الحصر الشامل,ما هي أسباب تفضيل أسلوب العينة على أسلوب الحصر الشامل؟,صعوبة حصر افراد المجتمع,العينات تزيد التكلفة والجهد والزمن,واسعة الإمكانات لإجراء الحصر الشامل .,طريقة الحصر الشامل سهلة على الرغم من وقتها,,,A,ABCD,صعوبة حصر افراد المجتمع,
4823,Y1,Statistics,Statistics,السجل الذي يهدف الى تجميع المعلومات عن المريض:,ما هو السجل الذي يهدف إلى تجميع المعلومات عن المريض؟,السجلات الدوائية .,السجلات المدنية .,السجلات الإحصائية .,السجلات الطبية .,,,D,ABCD,السجلات الطبية .,
4832,Y1,Statistics,Statistics,إذا علمت أن احتمال شفاء مريض مصاب بالزكام خلال أسبوع دون اللجوء للطبيب هو 0.6 فإذا كان لدينا10 مرضاً بالزكام ولم يرجع الطبيب فالمسألة مسألة توزيع:,ما هو نوع التوزيع الإحصائي إذا علمت أن احتمال شفاء مريض مصاب بالزكام خلال أسبوع دون اللجوء للطبيب هو 0.6 وكان لدينا 10 مرضى بالزكام ولم يراجعوا الطبيب؟,برنولي,حداني,بواسوني,أسي,,,B,ABCD,حداني,
4848,Y4,Surgery,Surgery,غالباً الشريان النازف من قرحة اثني عشريه:,ما هو الشريان الذي ينزف غالباً من قرحة اثني عشرية؟,المعدي الأيسر.,المعدي العفجي.,المعدي الاكليلي الأيسر.,المعدي الاكليلي الأيمن.,الحجابي السفلي.,,B,ABCDE,المعدي العفجي.,
4854,Y3,Surgery,Surgery,2. تعالج أورام في القسم البعيد للمعدة:,ما هي الأورام التي تعالج في القسم البعيد للمعدة؟,1. علاج محافظ دوائي.,2. اجراء قطع معدة جزئي بيلروث II.,3. اجراء قطع معدة تام.,4. كل ما سبق صحيح.,5. كل ما سبق خطأ.,,D,ABCDE,4. كل ما سبق صحيح.,
4855,Y4,Surgery,Surgery,أجري تنظير هضمي علوي لرجل عمره 55 سنة وتم اخباره أن لديه آفة قد تسبب فقراً دموياً والنزف الحاد منها غير شائع ما هو هذا التشخيص؟,ما هو التشخيص للآفة التي قد تسبب فقراً دموياً والنزف الحاد منها غير شائع والتي تم اكتشافها بالتنظير الهضمي العلوي لرجل عمره 55 سنة؟,قرحة معدية.,سرطانة معدية.,قرحة عفجية.,دوالي مريئية.,تسحجات معدية.,,B,ABCDE,سرطانة معدية.,
4856,Y4,Surgery,Surgery,أتى شاب 32 سنة لقسم الطوارئ بقصة إقياء (لكميات كبيرة من الدم الأحمر القاني). ما هي الخطوة الأولى الأهم في تدبير هذا المريض؟,ما هي الخطوة الأولى الأهم في تدبير مريض يبلغ من العمر 32 سنة أتى لقسم الطوارئ بقصة إقياء لكميات كبيرة من الدم الأحمر القاني؟,القصة السريرية والفحص السريري.,تحديد عيار الخضاب,إنعاش بالسوائل.,وضع أنبوب أنفي معدي.,اجراء تنظير هضمي علوي اسعافي.,,C,ABCDE,إنعاش بالسوائل.,
4857,Y4,Surgery,Surgery,شكت مريضة تبلغ من العمر 45 سنة من ألم في ثديها 2. الأيسر لمدة أسبوعين بالفحص السريري كان لديها خيط يشبه الحبل مؤلم مع أودة بارزة فوقها. ما هو التشخيص المحتمل؟,ما هو التشخيص المحتمل لمريضة تبلغ من العمر 45 سنة تشكو من ألم في ثديها الأيسر لمدة أسبوعين مع وجود خيط يشبه الحبل مؤلم وأودة بارزة فوقه بالفحص السريري؟,ورم ورقي.,غدوم ليفي.,سرطان ثدي.,داء,داء باجيت.,,D,ABCDE,داء,
4858,Y4,Surgery,Surgery,وصلت مريضة تبلغ من العمر 40 عاماً من أصول آسيوية إلى بريطانيا تشكو من كتلة في ثديها الأيمن منذ عدة أشهر لم تكن الكتلة مؤلمة لكنها كانت تعاني من نز الخراج في إبطها الأيمن والذي يشفى ويعاود من جديد. ما هو التشخيص المحتمل؟,ما هو التشخيص المحتمل لمريضة تبلغ من العمر 40 عاماً من أصول آسيوية وصلت إلى بريطانيا تشكو من كتلة غير مؤلمة في ثديها الأيمن منذ عدة أشهر مع نز الخراج في إبطها الأيمن الذي يشفى ويعاود من جديد؟,سرطان ثدي التهابي.,سل ثدي.,داء باجيت.,غدوم ليفي.,أكزيما في الثدي.,,B,ABCDE,سل ثدي.,
4859,Y4,Surgery,Surgery,راجعت مريضة تبلغ من العمر 25 سنة بكتلة شاهدتها صدفة منذ 3 أسابيع في ثديها الأيسر ويمكن تحريك الكتلة من قبل المريضة ضمن نسيج الثدي. ما هو التشخيص المحتمل؟,ما هو التشخيص المحتمل لمريضة تبلغ من العمر 25 سنة راجعت بكتلة شاهدتها صدفة منذ 3 أسابيع في ثديها الأيسر ويمكن تحريك الكتلة من قبل المريضة ضمن نسيج الثدي؟,سرطان ثدي التهابي.,سل ثدي.,داء باجيت.,غدوم ليفي.,أكزيما في الثدي.,,D,ABCDE,غدوم ليفي.,
4860,Y4,Surgery,Surgery,راجعت مريضة تبلغ من العمر 50 عاماً بشكاية ألم واحمرار في الثدي الأيمن منذ شهر وقد عولجت من قبل طبيب آخر بالصادات لمدة أسبوعين من دون تحسن وقد ازدادت الحالة سوءاً مما دفعها إلى مراجعة طبيب جراحة ما هو التشخيص المحتمل؟,ما هو التشخيص المحتمل لمريضة تبلغ من العمر 50 عاماً تعاني من ألم واحمرار في الثدي الأيمن منذ شهر وقد عولجت بالصادات لمدة أسبوعين دون تحسن وازدادت الحالة سوءاً؟,غدوم ليفي.,داء باجيت.,سرطان التهابي.,خراج ثدي.,أكزيما.,,C,ABCDE,سرطان التهابي.,
4863,Y4,Surgery,Surgery,راجعت مريضة مسنة مشخصي لديها سابقاً داء هاشيموتو بعقدة قاسية غير منتظمة في الفص الدرقي الأيمن. ما هو التشخيص المحتمل؟,ما هو التشخيص المحتمل لمريضة مسنة مشخص لديها سابقاً داء هاشيموتو وتراجع بعقدة قاسية غير منتظمة في الفص الدرقي الأيمن؟,سرطان لبي.,سرطان جريبي.,لمفوما.,سرطان غير مصنع.,سرطان حليمي.,,C,ABCDE,لمفوما.,
4864,Y4,Surgery,Surgery,راجع طفل يبلغ من العمر 12 سنة بعقدة درقية مع ضخامة عقد لمفية ناحية ما هو التشخيص المحتمل؟,ما هو التشخيص المحتمل لطفل يبلغ من العمر 12 سنة يراجع بعقدة درقية مع ضخامة عقد لمفية ناحية؟,سرطان لبي.,سرطان جريبي.,المفوما.,سرطان حليمي.,سرطان غير مصنع.,,D,ABCDE,سرطان حليمي.,
4865,Y4,Surgery,Surgery,راجعت مريضة في منتصف العمر بسلعة درقية لفترة طويلة والفص الأيمن متضخم بشكل أكبر من الأيسر وسريريا وسري كانت في حالة سواء درقي. ما هو التشخيص المحتمل؟,ما هو التشخيص المحتمل لمريضة في منتصف العمر تعاني من سلعة درقية لفترة طويلة مع تضخم الفص الأيمن أكبر من الأيسر وهي سريرياً في حالة سواء درقي؟,عقدة درقية سليمة.,داء غريف.,سلعة متعددة العقد.,سرطان حليمي.,سرطان جريبي.,,C,ABCDE,سلعة متعددة العقد.,
4866,Y4,Surgery,Surgery,فتاة في الربيع الخامس شكت من عسرة تنفس بالفحص تبين بوجود كتلة في جوف الفم بقطر 3 سم على الخط الناصف وعلى مؤخرة اللسان. ما هو التشخيص الأكثر احتمالاً؟,ما هو التشخيص الأكثر احتمالاً لفتاة في الربيع الخامس تشكو من عسرة تنفس مع وجود كتلة في جوف الفم بقطر 3 سم على الخط الناصف وعلى مؤخرة اللسان؟,لوزة لسانية.,درق لسانية.,جسم أجنبي علق باللسان.,Dermoid,وذمة عصبية وعائية.,,B,ABCDE,درق لسانية.,
4867,Y4,Surgery,Surgery,شابة في ربيعها الأربعين تشكو من نقص وزن مع خفقان وجحوظ في العينين. بالفحص السريري تبين وجود سلعة درقية متوسطة الحجم منتشرة ومتجانسة، بالفحوص الدموية تبين وجود فرط نشاط درق بدني، ما هو العلاج غير المرغوب به في هذه الحالة؟,ما هو العلاج غير المرغوب به في حالة شابة في ربيعها الأربعين تشكو من نقص وزن مع خفقان وجحوظ في العينين مع وجود سلعة درقية متوسطة الحجم منتشرة ومتجانسة وفرط نشاط درق بدني؟,إعطاء الميتيمازول Methimazoli,إعطاء محلول اللوغول Lugols iodine,المعالجة الشعاعية باليود I 131,استئصال الدرق التام.,الستيروئيدات.,,C,ABCDE,المعالجة الشعاعية باليود I 131,
4868,Y4,Surgery,Surgery,راجع مريض بدانة طبيبه وكان BMI لديه 40 فقرر الطبيب إجراء عملية sleeve gastrectomy ما هو الإجراء الأول الذي يجب إجراؤه قبل العملية؟,ما هو الإجراء الأول الذي يجب إجراؤه قبل عملية sleeve gastrectomy لمريض البدانة الذي لديه BMI يساوي 40؟,استشارة طبيب تغذية.,الحصول على موافقة المريض.,اجراء التحاليل الدموية اللازمة.,تحول المريض لطبيب نفسي.,,,B,ABCDE,الحصول على موافقة المريض.,
4869,Y4,Surgery,Surgery,راجع مريض بدانة طبيبه وكان BMI لديه 40 فقرر الطبيب إجراء عملية Sleeve gastrectomy ما هو الإجراء الأول الذي يجب إجراؤه قبل العمل الجراحي؟,ما هو الإجراء الأول الذي يجب إجراؤه قبل عملية Sleeve gastrectomy لمريض البدانة الذي لديه BMI يساوي 40؟,استشارة طبيب التغذية.,تحويل المريض لطبيب نفسي.,الحصول على موافقة المريض.,إجراء التحاليل الدموية اللازمة.,,,C,ABCDE,الحصول على موافقة المريض.,
4870,Y4,Surgery,Surgery,يعاني مريض عمره 25 سنة من عدم ارتياح عام ونقصان في الوزن وترفع حروري وبراز ملطخ بالدم على نحو متقطع خلال الست أسابيع الأخيرة بعد عودته من شبه القارة الهندية حيث عمل هناك لمدة ستة أشهر. بالفحص السريري: كبدية مع مضض في الربع العلوي الأيمن وأظهر الإيكو جوفا ناقص الصدى الفص الكبدي الأيمن ذو حواف واضحة. ما هو التشخيص المحتمل؟,ما هو التشخيص المحتمل لمريض عمره 25 سنة يعاني من عدم ارتياح عام ونقصان في الوزن وترفع حروري وبراز ملطخ بالدم على نحو متقطع خلال الست أسابيع الأخيرة بعد عودته من شبه القارة الهندية حيث عمل هناك لمدة ستة أشهر، مع وجود كبدية ومضض في الربع العلوي الأيمن وإيكو يظهر جوفا ناقص الصدى في الفص الكبدي الأيمن ذو حوا,خراجة كبدية قيحية.,خراجة كبدية زحارية.,كيسة مائية كبدية.,التهاب كبد فيرسي.,,,B,ABCDE,خراجة كبدية زحارية.,
4871,Y4,Surgery,Surgery,يعاني مريض عمره 50 سنة ويبدو بصحة جيدة من أصمية حديثة وايلام وألم في الربع العلوي الأيمن لمدة 3-4 أشهر. كان الفحص السريري سلبيا. سريري سلبياً وكانت وظائف الكبد طبيعية وكذلك. التنظير الهضمي العلوي أما الايكو فأظهر وجود آفة كيسية وحيدة تبلغ 6 سم. ما هو التشخيص المحتمل؟,ما هو التشخيص المحتمل لمريض عمره 50 سنة يعاني من أصمية حديثة وألم في الربع العلوي الأيمن لمدة 3-4 أشهر مع فحص سريري سلبي ووظائف كبد طبيعية وتنظير هضمي علوي طبيعي بينما أظهر الإيكو وجود آفة كيسية وحيدة تبلغ 6 سم؟,متلازمة بود شياري.,التهاب الطرق الصفراوية المصلب البدئي.,عداء كارولي.,داء كيسي بسيط,,,D,ABCDE,داء كيسي بسيط,
4872,Y4,Surgery,Surgery,راجعت مريضة تبلغ من العمر 30 سنة بقصة ألم مستمر في الربع العلوي الأيمن من البطن مع إقياء وارتفاع حرارة وإيجابية علامة مورفي ما هو التشخيص المحتمل؟,ما هو التشخيص المحتمل لمريضة تبلغ من العمر 30 سنة تعاني من ألم مستمر في الربع العلوي الأيمن من البطن مع إقياء وارتفاع حرارة وإيجابية علامة مورفي؟,تقيح مرارة.,التهاب مرارة حاد.,قيلة مخاطية في المرارة.,التهاب بريتوان تالي لانثقاب مرارة.,خزل معوي بسبب حصاة مرارية.,,B,ABCDE,التهاب مرارة حاد.,
4873,Y4,Surgery,Surgery,راجع مريض مشخص لديه سابقة حصيات مرارية يبلغ من العمر 60 سنة بقصة ألم بطني شديد ومستمر 6 ساعات وبالفحص السريري كان المريض غير مرتاح ومصدوم من انتفاخ البطن ومضض راجع معممين ما هو التشخيص المحتمل؟,ما هو التشخيص المحتمل لمريض يبلغ من العمر 60 سنة لديه سابقة حصيات مرارية يراجع بقصة ألم بطني شديد ومستمر لمدة 6 ساعات وبالفحص السريري كان المريض غير مرتاح ومصدوم مع انتفاخ البطن ومضض راجع معممين؟,تقيح مرارة.,التهاب مرارة حاد.,قيلة مخاطية في المرارة.,التهاب بريتوان تالي لانثقاب مرارة.,خزل معوي بسبب حصاة مرارية.,,D,ABCDE,التهاب بريتوان تالي لانثقاب مرارة.,
4874,Y4,Surgery,Surgery,راجع مريض يبلغ من العمر 56 سنة بألم شديد في أعلى 4 البطن منذ أسبوع مع حرارة spiking fever وكان غير مرتاح بشدة مع وجود علامات لتخريش بريتواني في الربع العلوي الأيمن مع جس كتلة ما هو التشخيص المحتمل؟,ما هو التشخيص المحتمل لمريض يبلغ من العمر 56 سنة يعاني من ألم شديد في أعلى البطن منذ أسبوع مع حمى متقطعة وعدم راحة شديدة مع وجود علامات لتخريش بريتواني في الربع العلوي الأيمن مع جس كتلة؟,تقيح مرارة.,التهاب مرارة حاد.,قيلة مخاطية في المرارة.,التهاب بريتوان تالي لانثقاب مرارة.,خزل معوي بسبب حصاة مرارية.,,A,ABCDE,تقيح مرارة.,
4875,Y4,Surgery,Surgery,راجع مريض يبلغ من العمر 60 سنة بقصة ألم بطني ويرقان وحرارة مع عروءات، ماهو التشخيص المحتمل؟,ما هو التشخيص المحتمل لمريض يبلغ من العمر 60 سنة يراجع بقصة ألم بطني ويرقان وحرارة مع عروءات؟,تقيح مرارة.,التهاب مرارة حاد.,قيلة مخاطية في المرارة.,التهاب طرق صفراوية صاعد.,خزل معوي بسبب حصاة مرارية.,,D,ABCDE,التهاب طرق صفراوية صاعد.,
4876,Y4,Surgery,Surgery,عولجت مريضة تبلغ من العمر 40 سنة لالتهاب مرارة حاد حيث لوحظ وجود مرارة مجسوسة غير ممضه، لم يكن هناك ترفع حروري وكانت المريضة بشكل عام بصحة جيدة، ما هو التشخيص المحتمل؟,ما هو التشخيص المحتمل لمريضة تبلغ من العمر 40 سنة عولجت لالتهاب مرارة حاد حيث لوحظ وجود مرارة مجسوسة غير ممضة، لم يكن هناك ترفع حروري وكانت المريضة بشكل عام بصحة جيدة؟,تقيح مرارة.,التهاب مرارة حاد.,قيلة مخاطية في المرارة.,خزل معوي بسبب حصاة مرارية.,,,C,ABCDE,قيلة مخاطية في المرارة.,
4877,Y4,Surgery,Surgery,مريض عمره 80 سنة لديه تصبغ جلدي ملحوظ ونسيج ندبي ولديه ندبات بطنية لاستئصال كظر ثنائي الجانب. ما هو التشخيص المحتمل؟,ما هو التشخيص المحتمل لمريض عمره 80 سنة لديه تصبغ جلدي ملحوظ ونسيج ندبي ولديه ندبات بطنية لاستئصال كظر ثنائي الجانب؟,فرط تصنع كظر خلقي.,داء أديسون.,متلازمة نيلسون.,نزف في الغدة الكظرية.,,,C,ABCDE,متلازمة نيلسون.,
4878,Y4,Surgery,Surgery,راجع مريض عمره 48 سنة باضطراب رئوي وصداع وارتفاع ضغط ما هو التشخيص المحتمل؟,ما هو التشخيص المحتمل لمريض عمره 48 سنة يعاني من اضطراب رئوي وصداع وارتفاع ضغط؟,متلازمة كوشينغ.,داء كوشينغ.,متلازمة كون.,متلازمة نيلسون.,,,C,ABCDE,متلازمة كون.,
4879,Y4,Surgery,Surgery,مريض ربو مع تفاقم متكرر لحالته تطور لديه بشكل تدريجي شعرانية مع بدانة جذعية وكدمات ما هو التشخيص المحتمل؟,ما هو التشخيص المحتمل لمريض ربو مع تفاقم متكرر لحالته تطور لديه بشكل تدريجي شعرانية مع بدانة جذعية وكدمات؟,متلازمة كوشينغ.,داء كوشينغ.,متلازمة كون.,ورم القوائم.,,,A,ABCDE,متلازمة كوشينغ.,
4881,Y4,Surgery,Surgery,أثناء إجراء ايكو بطن لسيدة حامل تبلغ من العمر 30 سنة تبين وجود كتلة متكلسة في الشرسوف يبلغ قطرها 1 سم وقد سمع لغط في منطقة الشرسوف ولم يكن لديها أي أع أعراض. ما هو التشخيص المحتمل؟,ما هو التشخيص المحتمل لسيدة حامل تبلغ من العمر 30 سنة تبين أثناء إجراء ايكو بطن لها وجود كتلة متكلسة في الشرسوف يبلغ قطرها 1 سم مع سماع لغط في منطقة الشرسوف دون وجود أي أعراض؟,تمزق طحال.,احتشاء طحال.,أم دم شريان طحالي.,فرفريه نقص الصفيحات البدنية.,داء تكور الكريات الحمر الوراثي.,,C,ABCDE,أم دم شريان طحالي.,
4882,Y4,Surgery,Surgery,طفل عمره 7 سنوات يعاني من فقر دم منجلي، بدأ يشكو منذ ساعتين من ألم بطني حاد في الربع العلوي الأيسر من البطن. بالفحص الضغط 60/100 ملم زئبقي النبض 110 ن/د.الحرارة 37. بالجس يوجد مضض في الربع العلوي الأيسر للبطن بدون ايلام مرتد يجس الطحال بصعوبة، باقي الفحص ضمن الحدود الطبيعية. الخضاب 6.1 غ / دل. التشخيص الأكثر احتمالاً هو,ما هو التشخيص الأكثر احتمالاً لطفل عمره 7 سنوات يعاني من فقر دم منجلي ويشكو منذ ساعتين من ألم بطني حاد في الربع العلوي الأيسر مع ضغط 60/100 ملم زئبقي ونبض 110 ن/د وحرارة 37 درجة ومضض في الربع العلوي الأيسر للبطن بدون إيلام مرتد مع صعوبة جس الطحال وخضاب 6.1 غ/دل؟,نوبة ألمية بسبب انسداد الأوعية الدموية.,نوبة تراص حادة.,تمزق طحال عفوي.,خراج طحال.,احتشاء طحال.,,A,ABCDE,نوبة ألمية بسبب انسداد الأوعية الدموية.,
4883,Y4,Surgery,Surgery,سيدة عمرها 40 سنة تشكو من فرفرية مناعية مزمنة Chronic immune thrombocytopenic purpura (ITP) معندة على العلاج بالستيروئيدات اقترح لها استئصال طحال ماهي نسبة الاستفادة من الجراحة؟,ما هي نسبة الاستفادة من استئصال الطحال في حالة سيدة عمرها 40 سنة تعاني من فرفرية مناعية مزمنة معندة على العلاج بالستيروئيدات؟,أقل من 20%,0.4,0.6,0.8,لا فائدة من الجراحة.,,A,ABCDE,أقل من 20%,
4884,Y4,Surgery,Surgery,راجع مريض بعمر 70 سنة دون سوابق جراحية بألم بطني متقطع منذ أسبوع وتوسع بطني وإقياء مستمر منذ يوم، بالفحص المريض لا يوجد فتوق مع تعداد 3000 كرية بيضاء / مم ما هي الخطوة التالية؟,ما هي الخطوة التالية في تدبير مريض بعمر 70 سنة دون سوابق جراحية يعاني من ألم بطني متقطع منذ أسبوع وتوسع بطني وإقياء مستمر منذ يوم، مع عدم وجود فتوق بالفحص وتعداد 3000 كرية بيضاء / مم؟,مراقبة 24 ساعة أخرى.,إجراء تنظير هضمي علوي.,فتح بطن عاجل.,إجراء (CT) التصوير الطبقي المحوسب للبطن.,إجراء تحليل CEA,,D,ABCDE,إجراء (CT) التصوير الطبقي المحوسب للبطن.,
4894,Y4,Surgery,Surgery,راجع مريض بعمر 70 سنة دون سوابق جراحية بألم -بطني متقطع منذ أسبوع وتوسع بطني وإقياء مستمر منذ يوم، بفحص المريض لا توجد فتوق مع تعداد 3000 كرية بيضاء / مم ما هي الخطوة التالية؟,ما هي الخطوة التالية في تدبير مريض بعمر 70 سنة دون سوابق جراحية يعاني من ألم بطني متقطع منذ أسبوع وتوسع بطني وإقياء مستمر منذ يوم، مع عدم وجود فتوق بالفحص وتعداد 3000 كرية بيضاء / مم؟,مراقبة 24 ساعة أخرى.,إجراء تنظير هضمي علوي.,فتح بطن عاجل.,إجراء (CT) التصوير الطبقي المحوسب للبطن.,إجراء تحليل CEA,,D,ABCDE,إجراء (CT) التصوير الطبقي المحوسب للبطن.,
4896,Y4,Surgery,Surgery,شاب 20 سنة بعد 20 يوماً من استئصال زائدة ملتهبة. راجع الإسعاف بإقياء مع تمدد بطن وإيلام خفيف. تعداد WBC كان 14000 كرية/ مم2 والكهارل طبيعية، الخطوة التالية؟,ما هي الخطوة التالية في تدبير شاب عمره 20 سنة راجع الإسعاف بعد 20 يوماً من استئصال زائدة ملتهبة ويعاني من إقياء مع تمدد بطن وإيلام خفيف، وتعداد WBC كان 14000 كرية/مم3 والكهارل طبيعية؟,مراقبة 24 ساعة أخرى مع وضع NG.,إجراء تنظير هضمي سفلي.,فتح بطن عاجل.,إجراء رحضة باريتية.,إجراء (CT) التصوير الطبقي المحوسب للبطن.,,A,ABCDE,مراقبة 24 ساعة أخرى مع وضع NG.,
4897,Y4,Surgery,Surgery,بالغ 45 سنة لديه ألم بطني حاد والتشخيص هو التهاب مرارة حاد. ماهي العلامات الأكثر توافقاً مع المريض؟,ما هي العلامات الأكثر توافقاً مع بالغ عمره 45 سنة لديه ألم بطني حاد وتم تشخيصه بالتهاب مرارة حاد؟,حمى وألم مراق أيمن متقطع ويرقان.,ألم بطني مستمر ومضض مراق أيمن وارتفاع الكريات البيضاء.,ألم مراق أيمن متقطع مع مضض خفيف فوق المرارة,ألم شرسوف ينتشر للظهر.,يرقان صامت مع مرارة متوترة مجسوسة وغير مؤلمة.,,B,ABCDE,ألم بطني مستمر ومضض مراق أيمن وارتفاع الكريات البيضاء.,
4898,Y4,Surgery,Surgery,أتى شاب 32 سنة لقسم الطوارئ بقصة إقياء (لكميات كبيرة من الدم الأحمر القاني). ما هي الخطوة الأولى الأهم في تدبير هذا المريض؟,ما هي الخطوة الأولى الأهم في تدبير مريض يبلغ من العمر 32 سنة أتى لقسم الطوارئ بقصة إقياء لكميات كبيرة من الدم الأحمر القاني؟,القصة السريرية والفحص السريري.,تحديد عيار الخضاب.,الإنعاش بالسوائل.,وضع أنبوب أنفي معدي.,إجراء تنظير هضمي علوي إسعافي.,,C,ABCDE,الإنعاش بالسوائل.,
4899,Y4,Surgery,Surgery,مريض 70 سنة تطور لديه بعد 3 أيام من احتشاء قلبي ألم بطني مع تعدد البطن وخفوت في أصوات الأمعاء. تحليل غازات الدم يشير إلى احمضاض استقلابي. فالتشخيص المحتمل هو؟,ما هو التشخيص المحتمل لمريض عمره 70 سنة تطور لديه بعد 3 أيام من احتشاء قلبي ألم بطني مع تعدد البطن وخفوت في أصوات الأمعاء وتحليل غازات الدم يشير إلى احمضاض استقلابي؟,انثقاب قرحي.,احتشاء مساريقي.,انسداد قولون كاذب.,التهاب بنكرياس حاد.,التهاب رتوج.,,B,ABCDE,احتشاء مساريقي.,
4902,Y4,Surgery,Surgery,في المراكز الجراحية المتطورة، إن القاعدة الجراحي الأصح حالياً في مراقبة المريض أثناء تدبير مريض الانسداد المعوي ووضع القرار الجراحي المناسب، هي:,ما هي القاعدة الجراحية الأصح حالياً في مراقبة المريض أثناء تدبير مريض الانسداد المعوي ووضع القرار الجراحي المناسب في المراكز الجراحية المتطورة؟,يجب ألا تغيب الشمس مرتين على مريض الانسداد المعوي,يحب ألا تشرق الشمس مرتين على مريض الانسداد المعوي.,يجب إجراء طبقي محوري عاجل، حسب السبب الظاهر بالصور يمكن إتباع المراقبة أو إجراء تداخل جراحي عاجل.,يجب دائماً عدم إجراء الجراحة حتى يتم استقرا المريض بعد الإنعاش.,,,D,ABCDE,يجب دائماً عدم إجراء الجراحة حتى يتم استقرا المريض بعد الإنعاش.,
4905,Y4,Surgery,Surgery,في المريضة السابقة إذا كانت الصورة البسيطة تدل على سويات معوية دقيقة وغياب لارتسام الكولونات وكانت مقاطع التصوير الطبقي المحوري تشير لتوسع عرى المعي فالتشخيص المحتمل هو:,ما هو التشخيص المحتمل للمريضة إذا كانت الصورة البسيطة تدل على سويات معوية دقيقة وغياب لارتسام الكولونات وكانت مقاطع التصوير الطبقي المحوري تشير لتوسع عرى المعي؟,وجود تنشؤ على حساب الكولون.,المريضة مصابة بداء كرون ساد.,وجود التهاب قولون سمي.,التصاقات معوية.,التهاب زائدة دودية حاد.,,D,ABCDE,التصاقات معوية.,
4907,Y4,Surgery,Surgery,مريض عمره 65 سنة تطور لديه الم بطني حاد مفاجئ مستمر في الربع الفلي الأيمن منذ ساعة، تلاه الام ماغصة سرية مع غثيان، الفح السريري يبدي سحنة سمية مع فحص بطني سوي تقريباً فالتشخيص الأقوى هو:,ما هو التشخيص الأقوى لمريض عمره 65 سنة تطور لديه ألم بطني حاد مفاجئ مستمر في الربع العلوي الأيمن منذ ساعة، تلاه آلام مغصية سرية مع غثيان، والفحص السريري يبدي سحنة سمية مع فحص بطني سوي تقريباً؟,التهاب معدة وأمعاء.,التهاب كولون غشائي كاذب.,التهاب زائدة دودية حاد.,انسداد أمعاء بنقص التروية.,حالة نفسية.,,D,ABCDE,انسداد أمعاء بنقص التروية.,
4911,Y4,Surgery,Surgery,في المريضة السابقة إذا كانت الصورة البسيطة: تدل على سويات معوية دقيقة وغياب الارتسام الكولونات وكانت مقاطع التصوير الطبقي المحوري تشير لتوسع عرى: المعي الدقيق وزيادة في شحم المساريقا مع عدم ارتسام الكولون بالكامل فالتشخيص المحتمل هو:,ما هو التشخيص المحتمل في المريضة التي تظهر صورتها البسيطة سويات معوية دقيقة وغياب الارتسام الكولوني، وتشير مقاطع التصوير الطبقي المحوري لتوسع عرى المعي الدقيق وزيادة في شحم المساريقا مع عدم ارتسام الكولون بالكامل؟,وجود تنشو على حساب الكولون المتقرح.,المريضة مصابة بداء كرون ساد وليس التهاب كولون قرحي.,وجود التهاب قولون سمي.,التصاقات معوية.,التهاب زائدة دودية حاد.,,D,ABCDE,التصاقات معوية.,
4912,Y4,Surgery,Surgery,مريض عمره 60 سنة، مصاب بداء كرون منذ عشر سنوات راجع مشفى بقصة حمى وعرواءات تلاها خروج هواء ومفرزات معوية عند التبول، فالتشخيص,ما هو التشخيص لمريض عمره 60 سنة مصاب بداء كرون منذ عشر سنوات راجع المشفى بقصة حمى وعرواءات تلاها خروج هواء ومفرزات معوية عند التبول؟,ناسور معدي مثاني.,ناسور كولوني كلو.,ناسور هضمي بولي.,ناسور كولوني حالبي.,ناسور معوي مثاني.,,A,ABCDE,ناسور معدي مثاني.,
4926,Y4,Surgery,Surgery,راجعت قسم الإسعاف طفلة عمرها 10 سنوات تعاني منذ ساعتين من ألم حفرة حرقفية يمنى دون إيلام مرتد فالحالة التي لا تدخل فالتشخيص التفريقي:,ما هي الحالة التي لا تدخل في التشخيص التفريقي لطفلة عمرها 10 سنوات تعاني منذ ساعتين من ألم حفرة حرقفية يمنى دون إيلام مرتد؟,التهاب زائدة دودية.,التهاب عقد مساريقية.,نزف رتج ميكل.,انتان بولي.,آلام بلوغ مبكر.,,C,ABCDE,نزف رتج ميكل.,
4928,Y4,Surgery,Surgery,مريضة عمرها 50 سنة تعرضت لألم بطني حاد طاعن منذ نصف ساعة في الشرسوف تعمم في أنحاء لبطن مع اقياءات بنية اللون، فحص البطن لين فالتشخيص المحتمل:,ما هو التشخيص المحتمل لمريضة عمرها 50 سنة تعرضت لألم بطني حاد طاعن منذ نصف ساعة في الشرسوف تعمم في أنحاء البطن مع إقياءات بنية اللون وفحص البطن لين؟,التهاب بنكرياس حاد.,صمة شريان مساريقي علوي.,التهاب معدة وأمعاء.,احتشاء قلبي سفلي.,,,B,ABCDE,صمة شريان مساريقي علوي.,
4929,Y4,Surgery,Surgery,مريض يشتكي من ألم بطني حاد ومفاجئ يجب أن نجري له أولاً:,ما هو الفحص الذي يجب إجراؤه أولاً لمريض يشتكي من ألم بطني حاد ومفاجئ؟,عيار البولة الدموية.,صورة شعاعية للصدر.,صورة بطن شعاعية.,عيار خضاب الدم.,مراقبة الصبيب البولي.,,C,ABCDE,صورة بطن شعاعية.,
4930,Y4,Surgery,Surgery,مريض عمره 65 سنة تطور لديه ألم بطني حاد مفاجئ ومستمر في الربع السفلي الأيمن منذ ساعة، تلاه الام ماغصة سرية مع غثيان، الفحص السريري يبدي سحنة سمية مع فحص بطن سوي تقريباً فالتشخيص الأقوى هو:,ما هو التشخيص الأقوى لمريض عمره 65 سنة تطور لديه ألم بطني حاد مفاجئ ومستمر في الربع السفلي الأيمن منذ ساعة، تلاه آلام مغصة سرية مع غثيان، والفحص السريري يبدي سحنة سمية مع فحص بطن سوي تقريباً؟,التهاب معدة وأمعاء.,التهاب كولون غشائي كاذب.,التهاب زائدة دودية حاد.,انسداد أمعاء بنقص التروية.,حالة نفسية.,,D,ABCDE,انسداد أمعاء بنقص التروية.,
4932,Y4,Surgery,Surgery,اى شاب 32 سنة لقسم طوارئ بقصة إقياء (الكميات كبيرة من الدم الأحمر القاني). ما هي الخطوة الأولى الأهم في تدبير هذا المريض:,ما هي الخطوة الأولى الأهم في تدبير شاب عمره 32 سنة يراجع قسم الطوارئ بقصة إقياء كميات كبيرة من الدم الأحمر القاني؟,القصة السريرية والفحص السريري.,تحديد عيار الخضاب.,الإنعاش بالسوائل.,وضع أنبوب أنفي معدي.,إجراء تنظير هضمي عنوي إسعافي.,,C,ABCDE,الإنعاش بالسوائل.,
4934,Y3,Surgery,Surgery,3. أجري تنظير هضمي علوي لرجل عمره 55 سنة وتم اخباره أن لديه آفة قد تسبب فقراً دموياً والنزف الحاد منها غير شائع ما هو هذا التشخيص؟,ما هو التشخيص للآفة التي قد تسبب فقراً دموياً والنزف الحاد منها غير شائع والتي تم اكتشافها بالتنظير الهضمي العلوي لرجل عمره 55 سنة؟,1. قرحة معدية.,2. سرطانة معدية.,3. قرحة عفجية.,4. دوالي مريئية.,5. تسحجات معدية.,,B,ABCDE,2. سرطانة معدية.,
4935,Y3,Surgery,Surgery,4. أتى شاب 32 سنة لقسم الطوارئ بقصة إقياء (لكميات كبيرة من الدم الأحمر القاني). ما هي الخطوة الأولى الأهم في تدبير هذا المريض؟,ما هي الخطوة الأولى الأهم في تدبير مريض يبلغ من العمر 32 سنة أتى لقسم الطوارئ بقصة إقياء لكميات كبيرة من الدم الأحمر القاني؟,1. القصة السريرية والفحص السريري.,2. تحديد عيار الخضاب,3. الإنعاش بالسوائل.,4. وضع أنبوب أنفي معدي.,5. اجراء تنظير هضمي علوي اسعافي.,,C,ABCDE,3. الإنعاش بالسوائل.,
4936,Y3,Surgery,Surgery,34. العلاج الأمثل لمريض عمره 40 سنة وجد لديه بالتنظير الهضمي العلوي لمفوما معدية هو:,ما هو العلاج الأمثل لمريض عمره 40 سنة وجد لديه بالتنظير الهضمي العلوي لمفوما معدية؟,1. استئصال معدة تحت تام.,2. علاج شعاعي.,3. استئصال معدة تحت التام مع علاج شعاعي.,4. علاج كيماوي.,5. استئصال موضع واسع للورم.,,D,ABCDE,4. علاج كيماوي.,
4937,Y3,Surgery,Surgery,2. راجع طفل يبلغ من العمر 12 سنة بعقدة درقية مع ضخامة عقد لمفية ناحية ما هو التشخيص المحتمل؟,ما هو التشخيص المحتمل لطفل يبلغ من العمر 12 سنة يراجع بعقدة درقية مع ضخامة عقد لمفية ناحية؟,1. سرطان لبي.,2. سرطان جريبي.,3. المفوما.,4. سرطان حليمي.,5. سرطان غير مصنع.,,D,ABCDE,4. سرطان حليمي.,
4938,Y3,Surgery,Surgery,3. راجعت مريضة في منتصف العمر بسلعة درقية لفترة طويلة والفص الأيمن متضخم بشكل أكبر من الأيسر وسريريا وسري كانت في حالة سواء درقي. ما هو التشخيص المحتمل؟,ما هو التشخيص المحتمل لمريضة في منتصف العمر تعاني من سلعة درقية لفترة طويلة مع تضخم الفص الأيمن أكبر من الأيسر وهي سريرياً في حالة سواء درقي؟,1. عقدة درقية سليمة.,2. داء غريف.,3. سلعة متعددة العقد.,4. سرطان حليمي.,5. سرطان جريبي.,,C,ABCDE,3. سلعة متعددة العقد.,
4939,Y3,Surgery,Surgery,24. فتاة في الربيع الخامس شكت من عسرة تنفس بالفحص تبين بوجود كتلة في جوف الفم بقطر 3 سم على الخط الناصف وعلى مؤخرة اللسان. ما هو التشخيص الأكثر احتمالاً؟,ما هو التشخيص الأكثر احتمالاً لفتاة في الربيع الخامس تشكو من عسرة تنفس مع وجود كتلة في جوف الفم بقطر 3 سم على الخط الناصف وعلى مؤخرة اللسان؟,1. لوزة لسانية.,2. درق لسانية.,3. جسم أجنبي علق باللسان.,4. Dermoid,5. وذمة عصبية وعائية.,,B,ABCDE,2. درق لسانية.,
4940,Y3,Surgery,Surgery,25. شابة في ربيعها الأربعين تشكو من نقص وزن مع خفقان وجحوظ في العينين. بالفحص السريري تبين وجود سلعة درقية متوسطة الحجم منتشرة ومتجانسة، بالفحوص الدموية تبين وجود فرط نشاط درق بدني، ما هو العلاج غير المرغوب به في هذه الحالة؟,ما هو العلاج غير المرغوب به في حالة شابة في ربيعها الأربعين تشكو من نقص وزن مع خفقان وجحوظ في العينين مع وجود سلعة درقية متوسطة الحجم منتشرة ومتجانسة وفرط نشاط درق بدني؟,1. إعطاء الميتيمازول Methimazoli,2. إعطاء محلول اللوغول Lugols iodine,3. المعالجة الشعاعية باليود I 131,4. استئصال الدرق التام.,5. الستيروئيدات.,,C,ABCDE,3. المعالجة الشعاعية باليود I 131,
4941,Y3,Surgery,Surgery,8. راجع مريض بدانة طبيبه وكان BMI لديه 40 فقرر الطبيب إجراء عملية Sleeve gastrectomy ما هو الإجراء الأول الذي يجب إجراؤه قبل العمل الجراحي؟,ما هو الإجراء الأول الذي يجب إجراؤه قبل عملية Sleeve gastrectomy لمريض البدانة الذي لديه BMI يساوي 40؟,1. استشارة طبيب التغذية.,2. تحويل المريض لطبيب نفسي.,3. الحصول على موافقة المريض.,4. إجراء التحاليل الدموية اللازمة.,,,C,ABCDE,3. الحصول على موافقة المريض.,
4942,Y3,Surgery,Surgery,4. يعاني مريض عمره 50 سنة ويبدو بصحة جيدة من أصمية حديثة وايلام وألم في الربع العلوي الأيمن لمدة 3-4 أشهر. كان الفحص السريري سلبيا. سريري سلبياً وكانت وظائف الكبد طبيعية وكذلك. التنظير الهضمي العلوي أما الايكو فأظهر وجود آفة كيسية وحيدة تبلغ 6 سم. ما هو التشخيص المحتمل؟,ما هو التشخيص المحتمل لمريض عمره 50 سنة يعاني من أصمية حديثة وألم في الربع العلوي الأيمن لمدة 3-4 أشهر مع فحص سريري سلبي ووظائف كبد طبيعية وتنظير هضمي علوي طبيعي بينما أظهر الإيكو وجود آفة كيسية وحيدة تبلغ 6 سم؟,1. متلازمة بود شياري.,2. التهاب الطرق الصفراوية المصلب البدئي.,3. عداء كارولي.,4. داء كيسي بسيط,,,D,ABCDE,4. داء كيسي بسيط,
4943,Y3,Surgery,Surgery,2. راجع مريض مشخص لديه سابقة حصيات مرارية يبلغ من العمر 60 سنة بقصة ألم بطني شديد ومستمر 6 ساعات وبالفحص السريري كان المريض غير مرتاح ومصدوم من انتفاخ البطن ومضض راجع معممين ما هو التشخيص المحتمل؟,ما هو التشخيص المحتمل لمريض يبلغ من العمر 60 سنة لديه سابقة حصيات مرارية يراجع بقصة ألم بطني شديد ومستمر لمدة 6 ساعات وبالفحص السريري كان المريض غير مرتاح ومصدوم مع انتفاخ البطن ومضض راجع معممين؟,1. تقيح مرارة.,2. التهاب مرارة حاد.,3. قيلة مخاطية في المرارة.,4. التهاب بريتوان تالي لانثقاب مرارة.,5. خزل معوي بسبب حصاة مرارية.,,D,ABCDE,4. التهاب بريتوان تالي لانثقاب مرارة.,
4944,Y3,Surgery,Surgery,3. راجع مريض يبلغ من العمر 56 سنة بألم شديد في أعلى 4 البطن منذ أسبوع مع حرارة spiking fever وكان غير مرتاح بشدة مع وجود علامات لتخريش بريتواني في الربع العلوي الأيمن مع جس كتلة ما هو التشخيص المحتمل؟,ما هو التشخيص المحتمل لمريض يبلغ من العمر 56 سنة يعاني من ألم شديد في أعلى البطن منذ أسبوع مع حمى متقطعة وعدم راحة شديدة مع وجود علامات لتخريش بريتواني في الربع العلوي الأيمن مع جس كتلة؟,1. تقيح مرارة.,2. التهاب مرارة حاد.,3. قيلة مخاطية في المرارة.,4. التهاب بريتوان تالي لانثقاب مرارة.,5. خزل معوي بسبب حصاة مرارية.,,A,ABCDE,1. تقيح مرارة.,
4945,Y3,Surgery,Surgery,4. راجع مريض يبلغ من العمر 60 سنة بقصة ألم بطني ويرقان وحرارة مع عروءات، ماهو التشخيص المحتمل؟,ما هو التشخيص المحتمل لمريض يبلغ من العمر 60 سنة يعاني من ألم بطني ويرقان وحرارة مع عروءات؟,1. تقيح مرارة.,2. التهاب مرارة حاد.,3. قيلة مخاطية في المرارة.,4. التهاب طرق صفراوية صاعد.,5. خزل معوي بسبب حصاة مرارية.,,D,ABCDE,4. التهاب طرق صفراوية صاعد.,
4946,Y3,Surgery,Surgery,5. عولجت مريضة تبلغ من العمر 40 سنة لالتهاب مرارة حاد حيث لوحظ وجود مرارة مجسوسة غير ممضه، لم يكن هناك ترفع حروري وكانت المريضة بشكل عام بصحة جيدة، ما هو التشخيص المحتمل؟,ما هو التشخيص المحتمل لمريضة تبلغ من العمر 40 سنة عولجت لالتهاب مرارة حاد حيث لوحظ وجود مرارة مجسوسة غير ممضة، لم يكن هناك ترفع حروري وكانت المريضة بشكل عام بصحة جيدة؟,1. تقيح مرارة.,2. التهاب مرارة حاد.,3. قيلة مخاطية في المرارة.,4. التهاب طرق صفراوية صاعد,5. خزل معوي بسبب حصاة مرارية.,,C,ABCDE,3. قيلة مخاطية في المرارة.,
4947,Y3,Surgery,Surgery,2. راجع مريض عمره 48 سنة باضطراب رئوي وصداع وارتفاع ضغط ما هو التشخيص المحتمل؟,ما هو التشخيص المحتمل لمريض عمره 48 سنة يعاني من اضطراب رئوي وصداع وارتفاع ضغط؟,1. متلازمة كوشينغ.,2. داء كوشينغ.,3. متلازمة كون.,4. متلازمة نيلسون.,,,C,ABCDE,3. متلازمة كون.,
4948,Y3,Surgery,Surgery,3. مريض ربو مع تفاقم متكرر لحالته تطور لديه بشكل تدريجي شعرانية مع بدانة جذعية وكدمات ما هو التشخيص المحتمل؟,ما هو التشخيص المحتمل لمريض ربو مع تفاقم متكرر لحالته تطور لديه بشكل تدريجي شعرانية مع بدانة جذعية وكدمات؟,1. متلازمة كوشينغ.,2. داء كوشينغ.,3. متلازمة كون.,4. ورم القوائم.,,,A,ABCDE,1. متلازمة كوشينغ.,
4950,Y3,Surgery,Surgery,4. أثناء إجراء ايكو بطن لسيدة حامل تبلغ من العمر 30 سنة تبين وجود كتلة متكلسة في الشرسوف يبلغ قطرها 1 سم وقد سمع لغط في منطقة الشرسوف ولم يكن لديها أي أع أعراض. ما هو التشخيص المحتمل؟,ما هو التشخيص المحتمل لسيدة حامل تبلغ من العمر 30 سنة تبين أثناء إجراء ايكو بطن لها وجود كتلة متكلسة في الشرسوف يبلغ قطرها 1 سم مع سماع لغط في منطقة الشرسوف دون وجود أي أعراض؟,1. تمزق طحال.,2. احتشاء طحال.,3. أم دم شريان طحالي.,4. فرفريه نقص الصفيحات البدنية.,5. داء تكور الكريات الحمر الوراثي.,,C,ABCDE,3. أم دم شريان طحالي.,
4952,Y3,Surgery,Surgery,18. سيدة عمرها 40 سنة تشكو من فرفرية مناعية مزمنة Chronic immune thrombocytopenic purpura (ITP) معندة على العلاج بالستيروئيدات اقترح لها استئصال طحال ماهي نسبة الاستفادة من الجراحة؟,ما هي نسبة الاستفادة من استئصال الطحال في حالة سيدة عمرها 40 سنة تعاني من فرفرية مناعية مزمنة معندة على العلاج بالستيروئيدات؟,1. أقل من 20%,2. 40%,3. 60%,4. 80%,5. لا فائدة من الجراحة.,,A,ABCDE,1. أقل من 20%,
4953,Y3,Surgery,Surgery,2. راجع مريض بعمر 70 سنة دون سوابق جراحية بألم بطني متقطع منذ أسبوع وتوسع بطني وإقياء مستمر منذ يوم، بالفحص المريض لا يوجد فتوق مع تعداد 3000 كرية بيضاء / مم ما هي الخطوة التالية؟,ما هي الخطوة التالية في تدبير مريض بعمر 70 سنة دون سوابق جراحية يعاني من ألم بطني متقطع منذ أسبوع وتوسع بطني وإقياء مستمر منذ يوم، مع عدم وجود فتوق بالفحص وتعداد 3000 كرية بيضاء / مم؟,1. مراقبة 24 ساعة أخرى.,2. إجراء تنظير هضمي علوي.,3. فتح بطن عاجل.,4. إجراء (CT) التصوير الطبقي المحوسب للبطن.,5. إجراء تحليل CEA,,D,ABCDE,4. إجراء (CT) التصوير الطبقي المحوسب للبطن.,
4957,Y3,Surgery,Surgery,3. راجع مريض بعمر 70 سنة دون سوابق جراحية بألم -بطني متقطع منذ أسبوع وتوسع بطني وإقياء مستمر منذ يوم، بفحص المريض لا توجد فتوق مع تعداد 3000 كرية بيضاء / مم ما هي الخطوة التالية؟,ما هي الخطوة التالية في تدبير مريض بعمر 70 سنة دون سوابق جراحية يعاني من ألم بطني متقطع منذ أسبوع وتوسع بطني وإقياء مستمر منذ يوم، مع عدم وجود فتوق بالفحص وتعداد 3000 كرية بيضاء / مم؟,1. مراقبة 24 ساعة أخرى.,2. إجراء تنظير هضمي علوي.,3. فتح بطن عاجل.,4. إجراء (CT) التصوير الطبقي المحوسب للبطن.,5. إجراء تحليل CEA,,D,ABCDE,4. إجراء (CT) التصوير الطبقي المحوسب للبطن.,
4958,Y3,Surgery,Surgery,5. شاب 20 سنة بعد 20 يوماً من استئصال زائدة ملتهبة. راجع الإسعاف بإقياء مع تمدد بطن وإيلام خفيف. تعداد WBC كان 14000 كرية/ مم2 والكهارل طبيعية، الخطوة التالية؟,ما هي الخطوة التالية في تدبير شاب عمره 20 سنة راجع الإسعاف بعد 20 يوماً من استئصال زائدة ملتهبة ويعاني من إقياء مع تمدد بطن وإيلام خفيف وتعداد WBC 14000 كرية/مم2 والكهارل طبيعية؟,1. مراقبة 24 ساعة أخرى مع وضع NG.,2. إجراء تنظير هضمي سفلي.,3. فتح بطن عاجل.,4. إجراء رحضة باريتية.,5. إجراء (CT) التصوير الطبقي المحوسب للبطن.,,A,ABCDE,1. مراقبة 24 ساعة أخرى مع وضع NG.,
4960,Y3,Surgery,Surgery,11. أتى شاب 32 سنة لقسم الطوارئ بقصة إقياء (لكميات كبيرة من الدم الأحمر القاني). ما هي الخطوة الأولى الأهم في تدبير هذا المريض؟,ما هي الخطوة الأولى الأهم في تدبير مريض يبلغ من العمر 32 سنة يعاني من إقياء كميات كبيرة من الدم الأحمر القاني؟,1. القصة السريرية والفحص السريري.,2. تحديد عيار الخضاب.,3. الإنعاش بالسوائل.,4. وضع أنبوب أنفي معدي.,5. إجراء تنظير هضمي علوي إسعافي.,,C,ABCDE,3. الإنعاش بالسوائل.,
4961,Y3,Surgery,Surgery,13. مريض 70 سنة تطور لديه بعد 3 أيام من احتشاء قلبي ألم بطني مع تعدد البطن وخفوت في أصوات الأمعاء. تحليل غازات الدم يشير إلى احمضاض استقلابي. فالتشخيص المحتمل هو؟,ما هو التشخيص المحتمل لمريض عمره 70 سنة تطور لديه بعد 3 أيام من احتشاء قلبي ألم بطني مع تطبل البطن وخفوت في أصوات الأمعاء وتحليل غازات الدم يشير إلى حماض استقلابي؟,1. انثقاب قرحي.,2. احتشاء مساريقي.,3. انسداد قولون كاذب.,4. التهاب بنكرياس حاد.,5. التهاب رتوج.,,B,ABCDE,2. احتشاء مساريقي.,